[
  {
    "contest_name": "Weekly Contest 329",
    "link": "https://leetcode.com/contest/weekly-contest-329",
    "time": "Sunday 8:00 AM GMT+5:30",
    "duration": 90
  },
  {
    "contest_name": "Biweekly Contest 96",
    "link": "https://leetcode.com/contest/biweekly-contest-96",
    "time": "Saturday 8:00 PM GMT+5:30",
    "duration": 90
  },
  {
    "contest_name": "Codeforces Round #845 (Div. 2)",
    "link": "https://codeforces.com/contests",
    "time": "Jan/21/2023 20:05",
    "duration": 120
  },
  {
    "contest_name": "Educational Codeforces Round 142 (Rated for Div. 2)",
    "link": "https://codeforces.com/contests",
    "time": "Jan/24/2023 20:05",
    "duration": 120
  },
  {
    "contest_name": "Codeforces Round #846 (Div. 2)",
    "link": "https://codeforces.com/contests",
    "time": "Jan/25/2023 20:05",
    "duration": 120
  },
  {
    "contest_name": "Codeforces Round #847 (Div. 3)",
    "link": "https://codeforces.com/contests",
    "time": "Jan/27/2023 20:05",
    "duration": 135
  },
  {
    "contest_name": "TypeDB Forces 2023 (Div. 1 + Div. 2, Rated, Prizes!)",
    "link": "https://codeforces.com/contests",
    "time": "Jan/29/2023 20:05",
    "duration": 180
  },
  {
    "contest_name": "Codeforces Round #848 (Div. 2)",
    "link": "https://codeforces.com/contests",
    "time": "Feb/01/2023 20:05",
    "duration": 120
  },
  {
    "contest_name": "Codeforces Round #849 (Div. 4)",
    "link": "https://codeforces.com/contests",
    "time": "Feb/03/2023 20:05",
    "duration": 145
  },
  {
    "contest_name": "Codeforces Round #850 (Div. 1, based on VK Cup 2022 - Final Round)",
    "link": "https://codeforces.com/contests",
    "time": "Feb/05/2023 17:35",
    "duration": 180
  },
  {
    "contest_name": "Codeforces Round #850 (Div. 2, based on VK Cup 2022 - Final Round)",
    "link": "https://codeforces.com/contests",
    "time": "Feb/05/2023 17:35",
    "duration": 180
  },
  {
    "contest_name": "Codeforces Round (Div. 2)",
    "link": "https://codeforces.com/contests",
    "time": "Feb/09/2023 20:05",
    "duration": 120
  },
  {
    "contest_name": "SWERC 2022-2023 - Online Mirror (Unrated, ICPC Rules, Teams Preferred)",
    "link": "https://codeforces.com/contests",
    "time": "Feb/19/2023 16:35",
    "duration": 300
  },
  {
    "contest_name": "Codeforces Round (Div. 2)",
    "link": "https://codeforces.com/contests",
    "time": "Feb/26/2023 00:05",
    "duration": 120
  },
  {
    "contest_name": "Starters 74 (Rated till 6 Stars)",
    "link": "https://www.codechef.com/START74",
    "time": "18 Jan 2023 Wed 20:00",
    "duration": 180
  },
  {
    "contest_name": "Starters 75",
    "link": "https://www.codechef.com/START75",
    "time": "25 Jan 2023 Wed 20:00",
    "duration": 180
  },
  {
    "contest_name": "UL Systems Programming Contest 2023(AtCoder Beginner Contest 286)",
    "link": "https://atcoder.jp/contests/abc286",
    "time": "2023-01-21(Sat) 17:30",
    "duration": 100
  },
  {
    "contest_name": "AtCoder Regular Contest 154",
    "link": "https://atcoder.jp/contests/arc154",
    "time": "2023-01-22(Sun) 17:30",
    "duration": 120
  },
  {
    "contest_name": "AtCoder Heuristic Contest 017",
    "link": "https://atcoder.jp/contests/ahc017",
    "time": "2023-01-28(Sat) 08:30",
    "duration": 480
  },
  {
    "contest_name": "UNIQUE VISION Programming Contest 2023 New Year (AtCoder Beginner Contest 287)",
    "link": "https://atcoder.jp/contests/abc287",
    "time": "2023-01-28(Sat) 17:30",
    "duration": 100
  },
  {
    "contest_name": "AtCoder Regular Contest 155",
    "link": "https://atcoder.jp/contests/arc155",
    "time": "2023-01-29(Sun) 17:30",
    "duration": 120
  },
  {
    "contest_name": "AtCoder Grand Contest 061",
    "link": "https://atcoder.jp/contests/agc061",
    "time": "2023-02-12(Sun) 17:30",
    "duration": 180
  },
  {
    "contest_name": "Round A 2023",
    "link": "https://codingcompetitions.withgoogle.com/kickstart/schedule",
    "time": "Mar 19 2023, 04:00",
    "duration": "3 hrs"
  },
  {
    "contest_name": "Round B 2023",
    "link": "https://codingcompetitions.withgoogle.com/kickstart/schedule",
    "time": "Apr 15 2023, 17:00",
    "duration": "3 hrs"
  },
  {
    "contest_name": "Round C 2023",
    "link": "https://codingcompetitions.withgoogle.com/kickstart/schedule",
    "time": "May 21 2023, 14:00",
    "duration": "3 hrs"
  },
  {
    "contest_name": "Round D 2023",
    "link": "https://codingcompetitions.withgoogle.com/kickstart/schedule",
    "time": "Jul 8 2023, 05:00",
    "duration": "3 hrs"
  },
  {
    "contest_name": "Round E 2023",
    "link": "https://codingcompetitions.withgoogle.com/kickstart/schedule",
    "time": "Aug 19 2023, 10:00",
    "duration": "3 hrs"
  },
  {
    "contest_name": "Round F 2023",
    "link": "https://codingcompetitions.withgoogle.com/kickstart/schedule",
    "time": "Sep 17 2023, 23:00",
    "duration": "3 hrs"
  },
  {
    "contest_name": "Round G 2023",
    "link": "https://codingcompetitions.withgoogle.com/kickstart/schedule",
    "time": "Oct 14 2023, 12:00",
    "duration": "3 hrs"
  },
  {
    "contest_name": "Round H 2023",
    "link": "https://codingcompetitions.withgoogle.com/kickstart/schedule",
    "time": "Nov 4 2023, 03:00",
    "duration": "3 hrs"
  }
]
