[{"contest_name": "Round A 2023", "link": "https://codingcompetitions.withgoogle.com/kickstart/schedule", "time": "Mar 19 2023, 04:00", "duration": "3 hrs"}, {"contest_name": "Round B 2023", "link": "https://codingcompetitions.withgoogle.com/kickstart/schedule", "time": "Apr 15 2023, 17:00", "duration": "3 hrs"}, {"contest_name": "Round C 2023", "link": "https://codingcompetitions.withgoogle.com/kickstart/schedule", "time": "May 21 2023, 14:00", "duration": "3 hrs"}, {"contest_name": "Round D 2023", "link": "https://codingcompetitions.withgoogle.com/kickstart/schedule", "time": "Jul 8 2023, 05:00", "duration": "3 hrs"}, {"contest_name": "Round E 2023", "link": "https://codingcompetitions.withgoogle.com/kickstart/schedule", "time": "Aug 19 2023, 10:00", "duration": "3 hrs"}, {"contest_name": "Round F 2023", "link": "https://codingcompetitions.withgoogle.com/kickstart/schedule", "time": "Sep 17 2023, 23:00", "duration": "3 hrs"}, {"contest_name": "Round G 2023", "link": "https://codingcompetitions.withgoogle.com/kickstart/schedule", "time": "Oct 14 2023, 12:00", "duration": "3 hrs"}, {"contest_name": "Round H 2023", "link": "https://codingcompetitions.withgoogle.com/kickstart/schedule", "time": "Nov 4 2023, 03:00", "duration": "3 hrs"}]