[
  {
    "contest_name": "AtCoder Regular Contest 153",
    "link": "https://atcoder.jp/contests/arc153",
    "time": "2023-01-14(Sat) 17:30",
    "duration": 120
  },
  {
    "contest_name": "AtCoder Beginner Contest 285",
    "link": "https://atcoder.jp/contests/abc285",
    "time": "2023-01-15(Sun) 17:30",
    "duration": 100
  },
  {
    "contest_name": "UL Systems Programming Contest 2023(AtCoder Beginner Contest 286)",
    "link": "https://atcoder.jp/contests/abc286",
    "time": "2023-01-21(Sat) 17:30",
    "duration": 100
  },
  {
    "contest_name": "AtCoder Regular Contest 154",
    "link": "https://atcoder.jp/contests/arc154",
    "time": "2023-01-22(Sun) 17:30",
    "duration": 120
  },
  {
    "contest_name": "AtCoder Heuristic Contest 017",
    "link": "https://atcoder.jp/contests/ahc017",
    "time": "2023-01-28(Sat) 08:30",
    "duration": 480
  },
  {
    "contest_name": "UNIQUE VISION Programming Contest 2023 New Year (AtCoder Beginner Contest 287)",
    "link": "https://atcoder.jp/contests/abc287",
    "time": "2023-01-28(Sat) 17:30",
    "duration": 100
  },
  {
    "contest_name": "AtCoder Regular Contest 155",
    "link": "https://atcoder.jp/contests/arc155",
    "time": "2023-01-29(Sun) 17:30",
    "duration": 120
  },
  {
    "contest_name": "AtCoder Grand Contest 061",
    "link": "https://atcoder.jp/contests/agc061",
    "time": "2023-02-12(Sun) 17:30",
    "duration": 180
  }
]
