[
  {
    "title": "Contains Duplicate",
    "problemlink": "https://leetcode.com/problems/contains-duplicate/",
    "difficulty": "Easy",
    "problemTag": ["Array", "Hash Table", "Sorting"]
  },
  {
    "title": "Valid Anagram",
    "problemlink": "https://leetcode.com/problems/valid-anagram/",
    "difficulty": "Easy",
    "problemTag": ["Hash Table", "String", "Sorting"]
  },
  {
    "title": "Two Sum",
    "problemlink": "https://leetcode.com/problems/two-sum/",
    "difficulty": "Easy",
    "problemTag": ["Array", "Hash Table"]
  },
  {
    "title": "Group Anagrams",
    "problemlink": "https://leetcode.com/problems/group-anagrams/",
    "difficulty": "Medium",
    "problemTag": ["Array", "Hash Table", "String", "Sorting"]
  },
  {
    "title": "Top K Frequent Elements",
    "problemlink": "https://leetcode.com/problems/top-k-frequent-elements/",
    "difficulty": "Medium",
    "problemTag": [
      "Array",
      "Hash Table",
      "Divide and Conquer",
      "Sorting",
      "Heap (Priority Queue)",
      "Bucket Sort",
      "Counting",
      "Quickselect"
    ]
  },
  {
    "title": "Product of Array Except Self",
    "problemlink": "https://leetcode.com/problems/product-of-array-except-self/",
    "difficulty": "Medium",
    "problemTag": ["Array", "Prefix Sum"]
  },
  {
    "title": "Valid Sudoku",
    "problemlink": "https://leetcode.com/problems/valid-sudoku/",
    "difficulty": "Medium",
    "problemTag": ["Array", "Hash Table", "Matrix"]
  },
  {
    "title": "Encode and Decode Strings",
    "problemlink": "https://leetcode.com/problems/encode-and-decode-strings/",
    "difficulty": "Medium",
    "problemTag": ["Array", "String", "Design"]
  },
  {
    "title": "Longest Consecutive Sequence",
    "problemlink": "https://leetcode.com/problems/longest-consecutive-sequence/",
    "difficulty": "Medium",
    "problemTag": ["Array", "Hash Table", "Union Find"]
  },
  {
    "title": "Valid Palindrome",
    "problemlink": "https://leetcode.com/problems/valid-palindrome/",
    "difficulty": "Easy",
    "problemTag": ["Two Pointers", "String"]
  },
  {
    "title": "Two Sum II - Input Array Is Sorted",
    "problemlink": "https://leetcode.com/problems/two-sum-ii-input-array-is-sorted/",
    "difficulty": "Medium",
    "problemTag": ["Array", "Two Pointers", "Binary Search"]
  },
  {
    "title": "3Sum",
    "problemlink": "https://leetcode.com/problems/3sum/",
    "difficulty": "Medium",
    "problemTag": ["Array", "Two Pointers", "Sorting"]
  },
  {
    "title": "Container With Most Water",
    "problemlink": "https://leetcode.com/problems/container-with-most-water/",
    "difficulty": "Medium",
    "problemTag": ["Array", "Two Pointers", "Greedy"]
  },
  {
    "title": "Trapping Rain Water",
    "problemlink": "https://leetcode.com/problems/trapping-rain-water/",
    "difficulty": "Hard",
    "problemTag": [
      "Array",
      "Two Pointers",
      "Dynamic Programming",
      "Stack",
      "Monotonic Stack"
    ]
  },
  {
    "title": "Best Time to Buy and Sell Stock",
    "problemlink": "https://leetcode.com/problems/best-time-to-buy-and-sell-stock/",
    "difficulty": "Easy",
    "problemTag": ["Array", "Dynamic Programming"]
  },
  {
    "title": "Longest Substring Without Repeating Characters",
    "problemlink": "https://leetcode.com/problems/longest-substring-without-repeating-characters/",
    "difficulty": "Medium",
    "problemTag": ["Hash Table", "String", "Sliding Window"]
  },
  {
    "title": "Longest Repeating Character Replacement",
    "problemlink": "https://leetcode.com/problems/longest-repeating-character-replacement/",
    "difficulty": "Medium",
    "problemTag": ["Hash Table", "String", "Sliding Window"]
  },
  {
    "title": "Permutation in String",
    "problemlink": "https://leetcode.com/problems/permutation-in-string/",
    "difficulty": "Medium",
    "problemTag": ["Hash Table", "Two Pointers", "String", "Sliding Window"]
  },
  {
    "title": "Minimum Window Substring",
    "problemlink": "https://leetcode.com/problems/minimum-window-substring/",
    "difficulty": "Hard",
    "problemTag": ["Hash Table", "String", "Sliding Window"]
  },
  {
    "title": "Sliding Window Maximum",
    "problemlink": "https://leetcode.com/problems/sliding-window-maximum/",
    "difficulty": "Hard",
    "problemTag": [
      "Array",
      "Queue",
      "Sliding Window",
      "Heap (Priority Queue)",
      "Monotonic Queue"
    ]
  },
  {
    "title": "Valid Parentheses",
    "problemlink": "https://leetcode.com/problems/valid-parentheses/",
    "difficulty": "Easy",
    "problemTag": ["String", "Stack"]
  },
  {
    "title": "Min Stack",
    "problemlink": "https://leetcode.com/problems/min-stack/",
    "difficulty": "Medium",
    "problemTag": ["Stack", "Design"]
  },
  {
    "title": "Evaluate Reverse Polish Notation",
    "problemlink": "https://leetcode.com/problems/evaluate-reverse-polish-notation/",
    "difficulty": "Medium",
    "problemTag": ["Array", "Math", "Stack"]
  },
  {
    "title": "Generate Parentheses",
    "problemlink": "https://leetcode.com/problems/generate-parentheses/",
    "difficulty": "Medium",
    "problemTag": ["String", "Dynamic Programming", "Backtracking"]
  },
  {
    "title": "Daily Temperatures",
    "problemlink": "https://leetcode.com/problems/daily-temperatures/",
    "difficulty": "Medium",
    "problemTag": ["Array", "Stack", "Monotonic Stack"]
  },
  {
    "title": "Car Fleet",
    "problemlink": "https://leetcode.com/problems/car-fleet/",
    "difficulty": "Medium",
    "problemTag": ["Array", "Stack", "Sorting", "Monotonic Stack"]
  },
  {
    "title": "Largest Rectangle in Histogram",
    "problemlink": "https://leetcode.com/problems/largest-rectangle-in-histogram/",
    "difficulty": "Hard",
    "problemTag": ["Array", "Stack", "Monotonic Stack"]
  },
  {
    "title": "Binary Search",
    "problemlink": "https://leetcode.com/problems/binary-search/",
    "difficulty": "Easy",
    "problemTag": ["Array", "Binary Search"]
  },
  {
    "title": "Search a 2D Matrix",
    "problemlink": "https://leetcode.com/problems/search-a-2d-matrix/",
    "difficulty": "Medium",
    "problemTag": ["Array", "Binary Search", "Matrix"]
  },
  {
    "title": "Koko Eating Bananas",
    "problemlink": "https://leetcode.com/problems/koko-eating-bananas/",
    "difficulty": "Medium",
    "problemTag": ["Array", "Binary Search"]
  },
  {
    "title": "Find Minimum in Rotated Sorted Array",
    "problemlink": "https://leetcode.com/problems/find-minimum-in-rotated-sorted-array/",
    "difficulty": "Medium",
    "problemTag": ["Array", "Binary Search"]
  },
  {
    "title": "Search in Rotated Sorted Array",
    "problemlink": "https://leetcode.com/problems/search-in-rotated-sorted-array/",
    "difficulty": "Medium",
    "problemTag": ["Array", "Binary Search"]
  },
  {
    "title": "Time Based Key-Value Store",
    "problemlink": "https://leetcode.com/problems/time-based-key-value-store/",
    "difficulty": "Medium",
    "problemTag": ["Hash Table", "String", "Binary Search", "Design"]
  },
  {
    "title": "Median of Two Sorted Arrays",
    "problemlink": "https://leetcode.com/problems/median-of-two-sorted-arrays/",
    "difficulty": "Hard",
    "problemTag": ["Array", "Binary Search", "Divide and Conquer"]
  },
  {
    "title": "Reverse Linked List",
    "problemlink": "https://leetcode.com/problems/reverse-linked-list/",
    "difficulty": "Easy",
    "problemTag": ["Linked List", "Recursion"]
  },
  {
    "title": "Merge Two Sorted Lists",
    "problemlink": "https://leetcode.com/problems/merge-two-sorted-lists/",
    "difficulty": "Easy",
    "problemTag": ["Linked List", "Recursion"]
  },
  {
    "title": "Reorder List",
    "problemlink": "https://leetcode.com/problems/reorder-list/",
    "difficulty": "Medium",
    "problemTag": ["Linked List", "Two Pointers", "Stack", "Recursion"]
  },
  {
    "title": "Remove Nth Node From End of List",
    "problemlink": "https://leetcode.com/problems/remove-nth-node-from-end-of-list/",
    "difficulty": "Medium",
    "problemTag": ["Linked List", "Two Pointers"]
  },
  {
    "title": "Copy List with Random Pointer",
    "problemlink": "https://leetcode.com/problems/copy-list-with-random-pointer/",
    "difficulty": "Medium",
    "problemTag": ["Hash Table", "Linked List"]
  },
  {
    "title": "Add Two Numbers",
    "problemlink": "https://leetcode.com/problems/add-two-numbers/",
    "difficulty": "Medium",
    "problemTag": ["Linked List", "Math", "Recursion"]
  },
  {
    "title": "Linked List Cycle",
    "problemlink": "https://leetcode.com/problems/linked-list-cycle/",
    "difficulty": "Easy",
    "problemTag": ["Hash Table", "Linked List", "Two Pointers"]
  },
  {
    "title": "Find the Duplicate Number",
    "problemlink": "https://leetcode.com/problems/find-the-duplicate-number/",
    "difficulty": "Medium",
    "problemTag": ["Array", "Two Pointers", "Binary Search", "Bit Manipulation"]
  },
  {
    "title": "LRU Cache",
    "problemlink": "https://leetcode.com/problems/lru-cache/",
    "difficulty": "Medium",
    "problemTag": ["Hash Table", "Linked List", "Design", "Doubly-Linked List"]
  },
  {
    "title": "Merge k Sorted Lists",
    "problemlink": "https://leetcode.com/problems/merge-k-sorted-lists/",
    "difficulty": "Hard",
    "problemTag": [
      "Linked List",
      "Divide and Conquer",
      "Heap (Priority Queue)",
      "Merge Sort"
    ]
  },
  {
    "title": "Reverse Nodes in k-Group",
    "problemlink": "https://leetcode.com/problems/reverse-nodes-in-k-group/",
    "difficulty": "Hard",
    "problemTag": ["Linked List", "Recursion"]
  },
  {
    "title": "Invert Binary Tree",
    "problemlink": "https://leetcode.com/problems/invert-binary-tree/",
    "difficulty": "Easy",
    "problemTag": [
      "Tree",
      "Depth-First Search",
      "Breadth-First Search",
      "Binary Tree"
    ]
  },
  {
    "title": "Maximum Depth of Binary Tree",
    "problemlink": "https://leetcode.com/problems/maximum-depth-of-binary-tree/",
    "difficulty": "Easy",
    "problemTag": [
      "Tree",
      "Depth-First Search",
      "Breadth-First Search",
      "Binary Tree"
    ]
  },
  {
    "title": "Diameter of Binary Tree",
    "problemlink": "https://leetcode.com/problems/diameter-of-binary-tree/",
    "difficulty": "Easy",
    "problemTag": ["Tree", "Depth-First Search", "Binary Tree"]
  },
  {
    "title": "Balanced Binary Tree",
    "problemlink": "https://leetcode.com/problems/balanced-binary-tree/",
    "difficulty": "Easy",
    "problemTag": ["Tree", "Depth-First Search", "Binary Tree"]
  },
  {
    "title": "Same Tree",
    "problemlink": "https://leetcode.com/problems/same-tree/",
    "difficulty": "Easy",
    "problemTag": [
      "Tree",
      "Depth-First Search",
      "Breadth-First Search",
      "Binary Tree"
    ]
  },
  {
    "title": "Subtree of Another Tree",
    "problemlink": "https://leetcode.com/problems/subtree-of-another-tree/",
    "difficulty": "Easy",
    "problemTag": [
      "Tree",
      "Depth-First Search",
      "String Matching",
      "Binary Tree",
      "Hash Function"
    ]
  },
  {
    "title": "Lowest Common Ancestor of a Binary Search Tree",
    "problemlink": "https://leetcode.com/problems/lowest-common-ancestor-of-a-binary-search-tree/",
    "difficulty": "Medium",
    "problemTag": [
      "Tree",
      "Depth-First Search",
      "Binary Search Tree",
      "Binary Tree"
    ]
  },
  {
    "title": "Binary Tree Level Order Traversal",
    "problemlink": "https://leetcode.com/problems/binary-tree-level-order-traversal/",
    "difficulty": "Medium",
    "problemTag": ["Tree", "Breadth-First Search", "Binary Tree"]
  },
  {
    "title": "Binary Tree Right Side View",
    "problemlink": "https://leetcode.com/problems/binary-tree-right-side-view/",
    "difficulty": "Medium",
    "problemTag": [
      "Tree",
      "Depth-First Search",
      "Breadth-First Search",
      "Binary Tree"
    ]
  },
  {
    "title": "Count Good Nodes in Binary Tree",
    "problemlink": "https://leetcode.com/problems/count-good-nodes-in-binary-tree/",
    "difficulty": "Medium",
    "problemTag": [
      "Tree",
      "Depth-First Search",
      "Breadth-First Search",
      "Binary Tree"
    ]
  },
  {
    "title": "Validate Binary Search Tree",
    "problemlink": "https://leetcode.com/problems/validate-binary-search-tree/",
    "difficulty": "Medium",
    "problemTag": [
      "Tree",
      "Depth-First Search",
      "Binary Search Tree",
      "Binary Tree"
    ]
  },
  {
    "title": "Kth Smallest Element in a BST",
    "problemlink": "https://leetcode.com/problems/kth-smallest-element-in-a-bst/",
    "difficulty": "Medium",
    "problemTag": [
      "Tree",
      "Depth-First Search",
      "Binary Search Tree",
      "Binary Tree"
    ]
  },
  {
    "title": "Construct Binary Tree from Preorder and Inorder Traversal",
    "problemlink": "https://leetcode.com/problems/construct-binary-tree-from-preorder-and-inorder-traversal/",
    "difficulty": "Medium",
    "problemTag": [
      "Array",
      "Hash Table",
      "Divide and Conquer",
      "Tree",
      "Binary Tree"
    ]
  },
  {
    "title": "Binary Tree Maximum Path Sum",
    "problemlink": "https://leetcode.com/problems/binary-tree-maximum-path-sum/",
    "difficulty": "Hard",
    "problemTag": [
      "Dynamic Programming",
      "Tree",
      "Depth-First Search",
      "Binary Tree"
    ]
  },
  {
    "title": "Serialize and Deserialize Binary Tree",
    "problemlink": "https://leetcode.com/problems/serialize-and-deserialize-binary-tree/",
    "difficulty": "Hard",
    "problemTag": [
      "String",
      "Tree",
      "Depth-First Search",
      "Breadth-First Search",
      "Design",
      "Binary Tree"
    ]
  },
  {
    "title": "Implement Trie (Prefix Tree)",
    "problemlink": "https://leetcode.com/problems/implement-trie-prefix-tree/",
    "difficulty": "Medium",
    "problemTag": ["Hash Table", "String", "Design", "Trie"]
  },
  {
    "title": "Design Add and Search Words Data Structure",
    "problemlink": "https://leetcode.com/problems/design-add-and-search-words-data-structure/",
    "difficulty": "Medium",
    "problemTag": ["String", "Depth-First Search", "Design", "Trie"]
  },
  {
    "title": "Word Search II",
    "problemlink": "https://leetcode.com/problems/word-search-ii/",
    "difficulty": "Hard",
    "problemTag": ["Array", "String", "Backtracking", "Trie", "Matrix"]
  },
  {
    "title": "Kth Largest Element in a Stream",
    "problemlink": "https://leetcode.com/problems/kth-largest-element-in-a-stream/",
    "difficulty": "Easy",
    "problemTag": [
      "Tree",
      "Design",
      "Binary Search Tree",
      "Heap (Priority Queue)",
      "Binary Tree",
      "Data Stream"
    ]
  },
  {
    "title": "Last Stone Weight",
    "problemlink": "https://leetcode.com/problems/last-stone-weight/",
    "difficulty": "Easy",
    "problemTag": ["Array", "Heap (Priority Queue)"]
  },
  {
    "title": "K Closest Points to Origin",
    "problemlink": "https://leetcode.com/problems/k-closest-points-to-origin/",
    "difficulty": "Medium",
    "problemTag": [
      "Array",
      "Math",
      "Divide and Conquer",
      "Geometry",
      "Sorting",
      "Heap (Priority Queue)",
      "Quickselect"
    ]
  },
  {
    "title": "Kth Largest Element in an Array",
    "problemlink": "https://leetcode.com/problems/kth-largest-element-in-an-array/",
    "difficulty": "Medium",
    "problemTag": [
      "Array",
      "Divide and Conquer",
      "Sorting",
      "Heap (Priority Queue)",
      "Quickselect"
    ]
  },
  {
    "title": "Task Scheduler",
    "problemlink": "https://leetcode.com/problems/task-scheduler/",
    "difficulty": "Medium",
    "problemTag": [
      "Array",
      "Hash Table",
      "Greedy",
      "Sorting",
      "Heap (Priority Queue)",
      "Counting"
    ]
  },
  {
    "title": "Design Twitter",
    "problemlink": "https://leetcode.com/problems/design-twitter/",
    "difficulty": "Medium",
    "problemTag": [
      "Hash Table",
      "Linked List",
      "Design",
      "Heap (Priority Queue)"
    ]
  },
  {
    "title": "Find Median from Data Stream",
    "problemlink": "https://leetcode.com/problems/find-median-from-data-stream/",
    "difficulty": "Hard",
    "problemTag": [
      "Two Pointers",
      "Design",
      "Sorting",
      "Heap (Priority Queue)",
      "Data Stream"
    ]
  },
  {
    "title": "Subsets",
    "problemlink": "https://leetcode.com/problems/subsets/",
    "difficulty": "Medium",
    "problemTag": ["Array", "Backtracking", "Bit Manipulation"]
  },
  {
    "title": "Combination Sum",
    "problemlink": "https://leetcode.com/problems/combination-sum/",
    "difficulty": "Medium",
    "problemTag": ["Array", "Backtracking"]
  },
  {
    "title": "Permutations",
    "problemlink": "https://leetcode.com/problems/permutations/",
    "difficulty": "Medium",
    "problemTag": ["Array", "Backtracking"]
  },
  {
    "title": "Subsets II",
    "problemlink": "https://leetcode.com/problems/subsets-ii/",
    "difficulty": "Medium",
    "problemTag": ["Array", "Backtracking", "Bit Manipulation"]
  },
  {
    "title": "Combination Sum II",
    "problemlink": "https://leetcode.com/problems/combination-sum-ii/",
    "difficulty": "Medium",
    "problemTag": ["Array", "Backtracking"]
  },
  {
    "title": "Word Search",
    "problemlink": "https://leetcode.com/problems/word-search/",
    "difficulty": "Medium",
    "problemTag": ["Array", "Backtracking", "Matrix"]
  },
  {
    "title": "Palindrome Partitioning",
    "problemlink": "https://leetcode.com/problems/palindrome-partitioning/",
    "difficulty": "Medium",
    "problemTag": ["String", "Dynamic Programming", "Backtracking"]
  },
  {
    "title": "Letter Combinations of a Phone Number",
    "problemlink": "https://leetcode.com/problems/letter-combinations-of-a-phone-number/",
    "difficulty": "Medium",
    "problemTag": ["Hash Table", "String", "Backtracking"]
  },
  {
    "title": "N-Queens",
    "problemlink": "https://leetcode.com/problems/n-queens/",
    "difficulty": "Hard",
    "problemTag": ["Array", "Backtracking"]
  },
  {
    "title": "Number of Islands",
    "problemlink": "https://leetcode.com/problems/number-of-islands/",
    "difficulty": "Medium",
    "problemTag": [
      "Array",
      "Depth-First Search",
      "Breadth-First Search",
      "Union Find",
      "Matrix"
    ]
  },
  {
    "title": "Clone Graph",
    "problemlink": "https://leetcode.com/problems/clone-graph/",
    "difficulty": "Medium",
    "problemTag": [
      "Hash Table",
      "Depth-First Search",
      "Breadth-First Search",
      "Graph"
    ]
  },
  {
    "title": "Max Area of Island",
    "problemlink": "https://leetcode.com/problems/max-area-of-island/",
    "difficulty": "Medium",
    "problemTag": [
      "Array",
      "Depth-First Search",
      "Breadth-First Search",
      "Union Find",
      "Matrix"
    ]
  },
  {
    "title": "Pacific Atlantic Water Flow",
    "problemlink": "https://leetcode.com/problems/pacific-atlantic-water-flow/",
    "difficulty": "Medium",
    "problemTag": [
      "Array",
      "Depth-First Search",
      "Breadth-First Search",
      "Matrix"
    ]
  },
  {
    "title": "Surrounded Regions",
    "problemlink": "https://leetcode.com/problems/surrounded-regions/",
    "difficulty": "Medium",
    "problemTag": [
      "Array",
      "Depth-First Search",
      "Breadth-First Search",
      "Union Find",
      "Matrix"
    ]
  },
  {
    "title": "Rotting Oranges",
    "problemlink": "https://leetcode.com/problems/rotting-oranges/",
    "difficulty": "Medium",
    "problemTag": ["Array", "Breadth-First Search", "Matrix"]
  },
  {
    "title": "Walls and Gates",
    "problemlink": "https://leetcode.com/problems/walls-and-gates/",
    "difficulty": "Medium",
    "problemTag": ["Array", "Breadth-First Search", "Matrix"]
  },
  {
    "title": "Course Schedule",
    "problemlink": "https://leetcode.com/problems/course-schedule/",
    "difficulty": "Medium",
    "problemTag": [
      "Depth-First Search",
      "Breadth-First Search",
      "Graph",
      "Topological Sort"
    ]
  },
  {
    "title": "Course Schedule II",
    "problemlink": "https://leetcode.com/problems/course-schedule-ii/",
    "difficulty": "Medium",
    "problemTag": [
      "Depth-First Search",
      "Breadth-First Search",
      "Graph",
      "Topological Sort"
    ]
  },
  {
    "title": "Redundant Connection",
    "problemlink": "https://leetcode.com/problems/redundant-connection/",
    "difficulty": "Medium",
    "problemTag": [
      "Depth-First Search",
      "Breadth-First Search",
      "Union Find",
      "Graph"
    ]
  },
  {
    "title": "Number of Connected Components in an Undirected Graph",
    "problemlink": "https://leetcode.com/problems/number-of-connected-components-in-an-undirected-graph/",
    "difficulty": "Medium",
    "problemTag": [
      "Depth-First Search",
      "Breadth-First Search",
      "Union Find",
      "Graph"
    ]
  },
  {
    "title": "Graph Valid Tree",
    "problemlink": "https://leetcode.com/problems/graph-valid-tree/",
    "difficulty": "Medium",
    "problemTag": [
      "Depth-First Search",
      "Breadth-First Search",
      "Union Find",
      "Graph"
    ]
  },
  {
    "title": "Word Ladder",
    "problemlink": "https://leetcode.com/problems/word-ladder/",
    "difficulty": "Hard",
    "problemTag": ["Hash Table", "String", "Breadth-First Search"]
  },
  {
    "title": "Reconstruct Itinerary",
    "problemlink": "https://leetcode.com/problems/reconstruct-itinerary/",
    "difficulty": "Hard",
    "problemTag": ["Depth-First Search", "Graph", "Eulerian Circuit"]
  },
  {
    "title": "Min Cost to Connect All Points",
    "problemlink": "https://leetcode.com/problems/min-cost-to-connect-all-points/",
    "difficulty": "Medium",
    "problemTag": ["Array", "Union Find", "Graph", "Minimum Spanning Tree"]
  },
  {
    "title": "Network Delay Time",
    "problemlink": "https://leetcode.com/problems/network-delay-time/",
    "difficulty": "Medium",
    "problemTag": [
      "Depth-First Search",
      "Breadth-First Search",
      "Graph",
      "Heap (Priority Queue)",
      "Shortest Path"
    ]
  },
  {
    "title": "Swim in Rising Water",
    "problemlink": "https://leetcode.com/problems/swim-in-rising-water/",
    "difficulty": "Hard",
    "problemTag": [
      "Array",
      "Binary Search",
      "Depth-First Search",
      "Breadth-First Search",
      "Union Find",
      "Heap (Priority Queue)",
      "Matrix"
    ]
  },
  {
    "title": "Alien Dictionary",
    "problemlink": "https://leetcode.com/problems/alien-dictionary/",
    "difficulty": "Hard",
    "problemTag": [
      "Array",
      "String",
      "Depth-First Search",
      "Breadth-First Search",
      "Graph",
      "Topological Sort"
    ]
  },
  {
    "title": "Cheapest Flights Within K Stops",
    "problemlink": "https://leetcode.com/problems/cheapest-flights-within-k-stops/",
    "difficulty": "Medium",
    "problemTag": [
      "Dynamic Programming",
      "Depth-First Search",
      "Breadth-First Search",
      "Graph",
      "Heap (Priority Queue)",
      "Shortest Path"
    ]
  },
  {
    "title": "Climbing Stairs",
    "problemlink": "https://leetcode.com/problems/climbing-stairs/",
    "difficulty": "Easy",
    "problemTag": ["Math", "Dynamic Programming", "Memoization"]
  },
  {
    "title": "Min Cost Climbing Stairs",
    "problemlink": "https://leetcode.com/problems/min-cost-climbing-stairs/",
    "difficulty": "Easy",
    "problemTag": ["Array", "Dynamic Programming"]
  },
  {
    "title": "House Robber",
    "problemlink": "https://leetcode.com/problems/house-robber/",
    "difficulty": "Medium",
    "problemTag": ["Array", "Dynamic Programming"]
  },
  {
    "title": "House Robber II",
    "problemlink": "https://leetcode.com/problems/house-robber-ii/",
    "difficulty": "Medium",
    "problemTag": ["Array", "Dynamic Programming"]
  },
  {
    "title": "Longest Palindromic Substring",
    "problemlink": "https://leetcode.com/problems/longest-palindromic-substring/",
    "difficulty": "Medium",
    "problemTag": ["String", "Dynamic Programming"]
  },
  {
    "title": "Palindromic Substrings",
    "problemlink": "https://leetcode.com/problems/palindromic-substrings/",
    "difficulty": "Medium",
    "problemTag": ["String", "Dynamic Programming"]
  },
  {
    "title": "Decode Ways",
    "problemlink": "https://leetcode.com/problems/decode-ways/",
    "difficulty": "Medium",
    "problemTag": ["String", "Dynamic Programming"]
  },
  {
    "title": "Coin Change",
    "problemlink": "https://leetcode.com/problems/coin-change/",
    "difficulty": "Medium",
    "problemTag": ["Array", "Dynamic Programming", "Breadth-First Search"]
  },
  {
    "title": "Maximum Product Subarray",
    "problemlink": "https://leetcode.com/problems/maximum-product-subarray/",
    "difficulty": "Medium",
    "problemTag": ["Array", "Dynamic Programming"]
  },
  {
    "title": "Word Break",
    "problemlink": "https://leetcode.com/problems/word-break/",
    "difficulty": "Medium",
    "problemTag": [
      "Hash Table",
      "String",
      "Dynamic Programming",
      "Trie",
      "Memoization"
    ]
  },
  {
    "title": "Longest Increasing Subsequence",
    "problemlink": "https://leetcode.com/problems/longest-increasing-subsequence/",
    "difficulty": "Medium",
    "problemTag": ["Array", "Binary Search", "Dynamic Programming"]
  },
  {
    "title": "Partition Equal Subset Sum",
    "problemlink": "https://leetcode.com/problems/partition-equal-subset-sum/",
    "difficulty": "Medium",
    "problemTag": ["Array", "Dynamic Programming"]
  },
  {
    "title": "Unique Paths",
    "problemlink": "https://leetcode.com/problems/unique-paths/",
    "difficulty": "Medium",
    "problemTag": ["Math", "Dynamic Programming", "Combinatorics"]
  },
  {
    "title": "Longest Common Subsequence",
    "problemlink": "https://leetcode.com/problems/longest-common-subsequence/",
    "difficulty": "Medium",
    "problemTag": ["String", "Dynamic Programming"]
  },
  {
    "title": "Best Time to Buy and Sell Stock with Cooldown",
    "problemlink": "https://leetcode.com/problems/best-time-to-buy-and-sell-stock-with-cooldown/",
    "difficulty": "Medium",
    "problemTag": ["Array", "Dynamic Programming"]
  },
  {
    "title": "Coin Change II",
    "problemlink": "https://leetcode.com/problems/coin-change-ii/",
    "difficulty": "Medium",
    "problemTag": ["Array", "Dynamic Programming"]
  },
  {
    "title": "Target Sum",
    "problemlink": "https://leetcode.com/problems/target-sum/",
    "difficulty": "Medium",
    "problemTag": ["Array", "Dynamic Programming", "Backtracking"]
  },
  {
    "title": "Interleaving String",
    "problemlink": "https://leetcode.com/problems/interleaving-string/",
    "difficulty": "Medium",
    "problemTag": ["String", "Dynamic Programming"]
  },
  {
    "title": "Longest Increasing Path in a Matrix",
    "problemlink": "https://leetcode.com/problems/longest-increasing-path-in-a-matrix/",
    "difficulty": "Hard",
    "problemTag": [
      "Array",
      "Dynamic Programming",
      "Depth-First Search",
      "Breadth-First Search",
      "Graph",
      "Topological Sort",
      "Memoization",
      "Matrix"
    ]
  },
  {
    "title": "Distinct Subsequences",
    "problemlink": "https://leetcode.com/problems/distinct-subsequences/",
    "difficulty": "Hard",
    "problemTag": ["String", "Dynamic Programming"]
  },
  {
    "title": "Edit Distance",
    "problemlink": "https://leetcode.com/problems/edit-distance/",
    "difficulty": "Hard",
    "problemTag": ["String", "Dynamic Programming"]
  },
  {
    "title": "Burst Balloons",
    "problemlink": "https://leetcode.com/problems/burst-balloons/",
    "difficulty": "Hard",
    "problemTag": ["Array", "Dynamic Programming"]
  },
  {
    "title": "Regular Expression Matching",
    "problemlink": "https://leetcode.com/problems/regular-expression-matching/",
    "difficulty": "Hard",
    "problemTag": ["String", "Dynamic Programming", "Recursion"]
  },
  {
    "title": "Maximum Subarray",
    "problemlink": "https://leetcode.com/problems/maximum-subarray/",
    "difficulty": "Medium",
    "problemTag": ["Array", "Divide and Conquer", "Dynamic Programming"]
  },
  {
    "title": "Jump Game",
    "problemlink": "https://leetcode.com/problems/jump-game/",
    "difficulty": "Medium",
    "problemTag": ["Array", "Dynamic Programming", "Greedy"]
  },
  {
    "title": "Jump Game II",
    "problemlink": "https://leetcode.com/problems/jump-game-ii/",
    "difficulty": "Medium",
    "problemTag": ["Array", "Dynamic Programming", "Greedy"]
  },
  {
    "title": "Gas Station",
    "problemlink": "https://leetcode.com/problems/gas-station/",
    "difficulty": "Medium",
    "problemTag": ["Array", "Greedy"]
  },
  {
    "title": "Hand of Straights",
    "problemlink": "https://leetcode.com/problems/hand-of-straights/",
    "difficulty": "Medium",
    "problemTag": ["Array", "Hash Table", "Greedy", "Sorting"]
  },
  {
    "title": "Merge Triplets to Form Target Triplet",
    "problemlink": "https://leetcode.com/problems/merge-triplets-to-form-target-triplet/",
    "difficulty": "Medium",
    "problemTag": ["Array", "Greedy"]
  },
  {
    "title": "Partition Labels",
    "problemlink": "https://leetcode.com/problems/partition-labels/",
    "difficulty": "Medium",
    "problemTag": ["Hash Table", "Two Pointers", "String", "Greedy"]
  },
  {
    "title": "Valid Parenthesis String",
    "problemlink": "https://leetcode.com/problems/valid-parenthesis-string/",
    "difficulty": "Medium",
    "problemTag": ["String", "Dynamic Programming", "Stack", "Greedy"]
  },
  {
    "title": "Insert Interval",
    "problemlink": "https://leetcode.com/problems/insert-interval/",
    "difficulty": "Medium",
    "problemTag": ["Array"]
  },
  {
    "title": "Merge Intervals",
    "problemlink": "https://leetcode.com/problems/merge-intervals/",
    "difficulty": "Medium",
    "problemTag": ["Array", "Sorting"]
  },
  {
    "title": "Non-overlapping Intervals",
    "problemlink": "https://leetcode.com/problems/non-overlapping-intervals/",
    "difficulty": "Medium",
    "problemTag": ["Array", "Dynamic Programming", "Greedy", "Sorting"]
  },
  {
    "title": "Meeting Rooms",
    "problemlink": "https://leetcode.com/problems/meeting-rooms/",
    "difficulty": "Easy",
    "problemTag": ["Array", "Sorting"]
  },
  {
    "title": "Meeting Rooms II",
    "problemlink": "https://leetcode.com/problems/meeting-rooms-ii/",
    "difficulty": "Medium",
    "problemTag": [
      "Array",
      "Two Pointers",
      "Greedy",
      "Sorting",
      "Heap (Priority Queue)",
      "Prefix Sum"
    ]
  },
  {
    "title": "Minimum Interval to Include Each Query",
    "problemlink": "https://leetcode.com/problems/minimum-interval-to-include-each-query/",
    "difficulty": "Hard",
    "problemTag": [
      "Array",
      "Binary Search",
      "Line Sweep",
      "Sorting",
      "Heap (Priority Queue)"
    ]
  },
  {
    "title": "Rotate Image",
    "problemlink": "https://leetcode.com/problems/rotate-image/",
    "difficulty": "Medium",
    "problemTag": ["Array", "Math", "Matrix"]
  },
  {
    "title": "Spiral Matrix",
    "problemlink": "https://leetcode.com/problems/spiral-matrix/",
    "difficulty": "Medium",
    "problemTag": ["Array", "Matrix", "Simulation"]
  },
  {
    "title": "Set Matrix Zeroes",
    "problemlink": "https://leetcode.com/problems/set-matrix-zeroes/",
    "difficulty": "Medium",
    "problemTag": ["Array", "Hash Table", "Matrix"]
  },
  {
    "title": "Happy Number",
    "problemlink": "https://leetcode.com/problems/happy-number/",
    "difficulty": "Easy",
    "problemTag": ["Hash Table", "Math", "Two Pointers"]
  },
  {
    "title": "Plus One",
    "problemlink": "https://leetcode.com/problems/plus-one/",
    "difficulty": "Easy",
    "problemTag": ["Array", "Math"]
  },
  {
    "title": "Pow(x, n)",
    "problemlink": "https://leetcode.com/problems/powx-n/",
    "difficulty": "Medium",
    "problemTag": ["Math", "Recursion"]
  },
  {
    "title": "Multiply Strings",
    "problemlink": "https://leetcode.com/problems/multiply-strings/",
    "difficulty": "Medium",
    "problemTag": ["Math", "String", "Simulation"]
  },
  {
    "title": "Detect Squares",
    "problemlink": "https://leetcode.com/problems/detect-squares/",
    "difficulty": "Medium",
    "problemTag": ["Array", "Hash Table", "Design", "Counting"]
  },
  {
    "title": "Single Number",
    "problemlink": "https://leetcode.com/problems/single-number/",
    "difficulty": "Easy",
    "problemTag": ["Array", "Bit Manipulation"]
  },
  {
    "title": "Number of 1 Bits",
    "problemlink": "https://leetcode.com/problems/number-of-1-bits/",
    "difficulty": "Easy",
    "problemTag": ["Divide and Conquer", "Bit Manipulation"]
  },
  {
    "title": "Counting Bits",
    "problemlink": "https://leetcode.com/problems/counting-bits/",
    "difficulty": "Easy",
    "problemTag": ["Dynamic Programming", "Bit Manipulation"]
  },
  {
    "title": "Reverse Bits",
    "problemlink": "https://leetcode.com/problems/reverse-bits/",
    "difficulty": "Easy",
    "problemTag": ["Divide and Conquer", "Bit Manipulation"]
  },
  {
    "title": "Missing Number",
    "problemlink": "https://leetcode.com/problems/missing-number/",
    "difficulty": "Easy",
    "problemTag": [
      "Array",
      "Hash Table",
      "Math",
      "Binary Search",
      "Bit Manipulation",
      "Sorting"
    ]
  },
  {
    "title": "Sum of Two Integers",
    "problemlink": "https://leetcode.com/problems/sum-of-two-integers/",
    "difficulty": "Medium",
    "problemTag": ["Math", "Bit Manipulation"]
  },
  {
    "title": "Reverse Integer",
    "problemlink": "https://leetcode.com/problems/reverse-integer/",
    "difficulty": "Medium",
    "problemTag": ["Math"]
  }
]
