[
  {
    "title": "Contains Duplicate",
    "problemlink": "https://leetcode.com/problems/contains-duplicate/",
    "difficulty": "Easy",
    "problemTag": ["Array", "Hash Table", "Sorting"]
  },
  {
    "title": "Valid Anagram",
    "problemlink": "https://leetcode.com/problems/valid-anagram/",
    "difficulty": "Easy",
    "problemTag": ["Hash Table", "String", "Sorting"]
  },
  {
    "title": "Replace Elements with Greatest Element on Right Side",
    "problemlink": "https://leetcode.com/problems/replace-elements-with-greatest-element-on-right-side/",
    "difficulty": "Easy",
    "problemTag": ["Array"]
  },
  {
    "title": "Is Subsequence",
    "problemlink": "https://leetcode.com/problems/is-subsequence/",
    "difficulty": "Easy",
    "problemTag": ["Two Pointers", "String", "Dynamic Programming"]
  },
  {
    "title": "Length of Last Word",
    "problemlink": "https://leetcode.com/problems/length-of-last-word/",
    "difficulty": "Easy",
    "problemTag": ["String"]
  },
  {
    "title": "Two Sum",
    "problemlink": "https://leetcode.com/problems/two-sum/",
    "difficulty": "Easy",
    "problemTag": ["Array", "Hash Table"]
  },
  {
    "title": "Longest Common Prefix",
    "problemlink": "https://leetcode.com/problems/longest-common-prefix/",
    "difficulty": "Easy",
    "problemTag": ["String", "Trie"]
  },
  {
    "title": "Group Anagrams",
    "problemlink": "https://leetcode.com/problems/group-anagrams/",
    "difficulty": "Medium",
    "problemTag": ["Array", "Hash Table", "String", "Sorting"]
  },
  {
    "title": "Pascal's Triangle",
    "problemlink": "https://leetcode.com/problems/pascals-triangle/",
    "difficulty": "Easy",
    "problemTag": ["Array", "Dynamic Programming"]
  },
  {
    "title": "Remove Element",
    "problemlink": "https://leetcode.com/problems/remove-element/",
    "difficulty": "Easy",
    "problemTag": ["Array", "Two Pointers"]
  },
  {
    "title": "Unique Email Addresses",
    "problemlink": "https://leetcode.com/problems/unique-email-addresses/",
    "difficulty": "Easy",
    "problemTag": ["Array", "Hash Table", "String"]
  },
  {
    "title": "Isomorphic Strings",
    "problemlink": "https://leetcode.com/problems/isomorphic-strings/",
    "difficulty": "Easy",
    "problemTag": ["Hash Table", "String"]
  },
  {
    "title": "Can Place Flowers",
    "problemlink": "https://leetcode.com/problems/can-place-flowers/",
    "difficulty": "Easy",
    "problemTag": ["Array", "Greedy"]
  },
  {
    "title": "Majority Element",
    "problemlink": "https://leetcode.com/problems/majority-element/",
    "difficulty": "Easy",
    "problemTag": [
      "Array",
      "Hash Table",
      "Divide and Conquer",
      "Sorting",
      "Counting"
    ]
  },
  {
    "title": "Next Greater Element I",
    "problemlink": "https://leetcode.com/problems/next-greater-element-i/",
    "difficulty": "Easy",
    "problemTag": ["Array", "Hash Table", "Stack", "Monotonic Stack"]
  },
  {
    "title": "Find Pivot Index",
    "problemlink": "https://leetcode.com/problems/find-pivot-index/",
    "difficulty": "Easy",
    "problemTag": ["Array", "Prefix Sum"]
  },
  {
    "title": "Find All Numbers Disappeared in an Array",
    "problemlink": "https://leetcode.com/problems/find-all-numbers-disappeared-in-an-array/",
    "difficulty": "Easy",
    "problemTag": ["Array", "Hash Table"]
  },
  {
    "title": "Maximum Number of Balloons",
    "problemlink": "https://leetcode.com/problems/maximum-number-of-balloons/",
    "difficulty": "Easy",
    "problemTag": ["Hash Table", "String", "Counting"]
  },
  {
    "title": "Word Pattern",
    "problemlink": "https://leetcode.com/problems/word-pattern/",
    "difficulty": "Easy",
    "problemTag": ["Hash Table", "String"]
  },
  {
    "title": "Top K Frequent Elements",
    "problemlink": "https://leetcode.com/problems/top-k-frequent-elements/",
    "difficulty": "Medium",
    "problemTag": [
      "Array",
      "Hash Table",
      "Divide and Conquer",
      "Sorting",
      "Heap (Priority Queue)",
      "Bucket Sort",
      "Counting",
      "Quickselect"
    ]
  },
  {
    "title": "Product of Array Except Self",
    "problemlink": "https://leetcode.com/problems/product-of-array-except-self/",
    "difficulty": "Medium",
    "problemTag": ["Array", "Prefix Sum"]
  },
  {
    "title": "Valid Sudoku",
    "problemlink": "https://leetcode.com/problems/valid-sudoku/",
    "difficulty": "Medium",
    "problemTag": ["Array", "Hash Table", "Matrix"]
  },
  {
    "title": "Encode and Decode Strings",
    "problemlink": "https://leetcode.com/problems/encode-and-decode-strings/",
    "difficulty": "Medium",
    "problemTag": ["Array", "String", "Design"]
  },
  {
    "title": "Longest Consecutive Sequence",
    "problemlink": "https://leetcode.com/problems/longest-consecutive-sequence/",
    "difficulty": "Medium",
    "problemTag": ["Array", "Hash Table", "Union Find"]
  },
  {
    "title": "Sort Colors",
    "problemlink": "https://leetcode.com/problems/sort-colors/",
    "difficulty": "Medium",
    "problemTag": ["Array", "Two Pointers", "Sorting"]
  },
  {
    "title": "Encode and Decode TinyURL",
    "problemlink": "https://leetcode.com/problems/encode-and-decode-tinyurl/",
    "difficulty": "Medium",
    "problemTag": ["Hash Table", "String", "Design", "Hash Function"]
  },
  {
    "title": "Brick Wall",
    "problemlink": "https://leetcode.com/problems/brick-wall/",
    "difficulty": "Medium",
    "problemTag": ["Array", "Hash Table"]
  },
  {
    "title": "Best Time to Buy and Sell Stock II",
    "problemlink": "https://leetcode.com/problems/best-time-to-buy-and-sell-stock-ii/",
    "difficulty": "Medium",
    "problemTag": ["Array", "Dynamic Programming", "Greedy"]
  },
  {
    "title": "Subarray Sum Equals K",
    "problemlink": "https://leetcode.com/problems/subarray-sum-equals-k/",
    "difficulty": "Medium",
    "problemTag": ["Array", "Hash Table", "Prefix Sum"]
  },
  {
    "title": "Unique Length-3 Palindromic Subsequences",
    "problemlink": "https://leetcode.com/problems/unique-length-3-palindromic-subsequences/",
    "difficulty": "Medium",
    "problemTag": ["Hash Table", "String", "Prefix Sum"]
  },
  {
    "title": "Minimum Number of Swaps to Make the String Balanced",
    "problemlink": "https://leetcode.com/problems/minimum-number-of-swaps-to-make-the-string-balanced/",
    "difficulty": "Medium",
    "problemTag": ["Two Pointers", "String", "Stack", "Greedy"]
  },
  {
    "title": "Number of Pairs of Interchangeable Rectangles",
    "problemlink": "https://leetcode.com/problems/number-of-pairs-of-interchangeable-rectangles/",
    "difficulty": "Medium",
    "problemTag": ["Array", "Hash Table", "Math", "Counting", "Number Theory"]
  },
  {
    "title": "Maximum Product of the Length of Two Palindromic Subsequences",
    "problemlink": "https://leetcode.com/problems/maximum-product-of-the-length-of-two-palindromic-subsequences/",
    "difficulty": "Medium",
    "problemTag": [
      "String",
      "Dynamic Programming",
      "Backtracking",
      "Bit Manipulation",
      "Bitmask"
    ]
  },
  {
    "title": "Grid Game",
    "problemlink": "https://leetcode.com/problems/grid-game/",
    "difficulty": "Medium",
    "problemTag": ["Array", "Matrix", "Prefix Sum"]
  },
  {
    "title": "Find All Anagrams in a String",
    "problemlink": "https://leetcode.com/problems/find-all-anagrams-in-a-string/",
    "difficulty": "Medium",
    "problemTag": ["Hash Table", "String", "Sliding Window"]
  },
  {
    "title": "Find the Index of the First Occurrence in a String",
    "problemlink": "https://leetcode.com/problems/find-the-index-of-the-first-occurrence-in-a-string/",
    "difficulty": "Medium",
    "problemTag": ["Two Pointers", "String", "String Matching"]
  },
  {
    "title": "Wiggle Sort",
    "problemlink": "https://leetcode.com/problems/wiggle-sort/",
    "difficulty": "Medium",
    "problemTag": ["Array", "Greedy", "Sorting"]
  },
  {
    "title": "Largest Number",
    "problemlink": "https://leetcode.com/problems/largest-number/",
    "difficulty": "Medium",
    "problemTag": ["Array", "String", "Greedy", "Sorting"]
  },
  {
    "title": "Continuous Subarray Sum",
    "problemlink": "https://leetcode.com/problems/continuous-subarray-sum/",
    "difficulty": "Medium",
    "problemTag": ["Array", "Hash Table", "Math", "Prefix Sum"]
  },
  {
    "title": "Push Dominoes",
    "problemlink": "https://leetcode.com/problems/push-dominoes/",
    "difficulty": "Medium",
    "problemTag": ["Two Pointers", "String", "Dynamic Programming"]
  },
  {
    "title": "Repeated DNA Sequences",
    "problemlink": "https://leetcode.com/problems/repeated-dna-sequences/",
    "difficulty": "Medium",
    "problemTag": [
      "Hash Table",
      "String",
      "Bit Manipulation",
      "Sliding Window",
      "Rolling Hash",
      "Hash Function"
    ]
  },
  {
    "title": "Insert Delete GetRandom O(1)",
    "problemlink": "https://leetcode.com/problems/insert-delete-getrandom-o1/",
    "difficulty": "Medium",
    "problemTag": ["Array", "Hash Table", "Math", "Design", "Randomized"]
  },
  {
    "title": "Check If a String Contains All Binary Codes of Size K",
    "problemlink": "https://leetcode.com/problems/check-if-a-string-contains-all-binary-codes-of-size-k/",
    "difficulty": "Medium",
    "problemTag": [
      "Hash Table",
      "String",
      "Bit Manipulation",
      "Rolling Hash",
      "Hash Function"
    ]
  },
  {
    "title": "Range Sum Query 2D - Immutable",
    "problemlink": "https://leetcode.com/problems/range-sum-query-2d-immutable/",
    "difficulty": "Medium",
    "problemTag": ["Array", "Design", "Matrix", "Prefix Sum"]
  },
  {
    "title": "Non-decreasing Array",
    "problemlink": "https://leetcode.com/problems/non-decreasing-array/",
    "difficulty": "Medium",
    "problemTag": ["Array"]
  },
  {
    "title": "First Missing Positive",
    "problemlink": "https://leetcode.com/problems/first-missing-positive/",
    "difficulty": "Hard",
    "problemTag": ["Array", "Hash Table"]
  },
  {
    "title": "Valid Palindrome",
    "problemlink": "https://leetcode.com/problems/valid-palindrome/",
    "difficulty": "Easy",
    "problemTag": ["Two Pointers", "String"]
  },
  {
    "title": "Valid Palindrome II",
    "problemlink": "https://leetcode.com/problems/valid-palindrome-ii/",
    "difficulty": "Easy",
    "problemTag": ["Two Pointers", "String", "Greedy"]
  },
  {
    "title": "Minimum Difference Between Highest and Lowest of K Scores",
    "problemlink": "https://leetcode.com/problems/minimum-difference-between-highest-and-lowest-of-k-scores/",
    "difficulty": "Easy",
    "problemTag": ["Array", "Sliding Window", "Sorting"]
  },
  {
    "title": "Reverse String",
    "problemlink": "https://leetcode.com/problems/reverse-string/",
    "difficulty": "Easy",
    "problemTag": ["Two Pointers", "String"]
  },
  {
    "title": "Merge Sorted Array",
    "problemlink": "https://leetcode.com/problems/merge-sorted-array/",
    "difficulty": "Easy",
    "problemTag": ["Array", "Two Pointers", "Sorting"]
  },
  {
    "title": "Move Zeroes",
    "problemlink": "https://leetcode.com/problems/move-zeroes/",
    "difficulty": "Easy",
    "problemTag": ["Array", "Two Pointers"]
  },
  {
    "title": "Remove Duplicates from Sorted Array",
    "problemlink": "https://leetcode.com/problems/remove-duplicates-from-sorted-array/",
    "difficulty": "Easy",
    "problemTag": ["Array", "Two Pointers"]
  },
  {
    "title": "Two Sum II - Input Array Is Sorted",
    "problemlink": "https://leetcode.com/problems/two-sum-ii-input-array-is-sorted/",
    "difficulty": "Medium",
    "problemTag": ["Array", "Two Pointers", "Binary Search"]
  },
  {
    "title": "3Sum",
    "problemlink": "https://leetcode.com/problems/3sum/",
    "difficulty": "Medium",
    "problemTag": ["Array", "Two Pointers", "Sorting"]
  },
  {
    "title": "4Sum",
    "problemlink": "https://leetcode.com/problems/4sum/",
    "difficulty": "Medium",
    "problemTag": ["Array", "Two Pointers", "Sorting"]
  },
  {
    "title": "Container With Most Water",
    "problemlink": "https://leetcode.com/problems/container-with-most-water/",
    "difficulty": "Medium",
    "problemTag": ["Array", "Two Pointers", "Greedy"]
  },
  {
    "title": "Number of Subsequences That Satisfy the Given Sum Condition",
    "problemlink": "https://leetcode.com/problems/number-of-subsequences-that-satisfy-the-given-sum-condition/",
    "difficulty": "Medium",
    "problemTag": ["Array", "Two Pointers", "Binary Search", "Sorting"]
  },
  {
    "title": "Rotate Array",
    "problemlink": "https://leetcode.com/problems/rotate-array/",
    "difficulty": "Medium",
    "problemTag": ["Array", "Math", "Two Pointers"]
  },
  {
    "title": "Array With Elements Not Equal to Average of Neighbors",
    "problemlink": "https://leetcode.com/problems/array-with-elements-not-equal-to-average-of-neighbors/",
    "difficulty": "Medium",
    "problemTag": ["Array", "Greedy", "Sorting"]
  },
  {
    "title": "Boats to Save People",
    "problemlink": "https://leetcode.com/problems/boats-to-save-people/",
    "difficulty": "Medium",
    "problemTag": ["Array", "Two Pointers", "Greedy", "Sorting"]
  },
  {
    "title": "Trapping Rain Water",
    "problemlink": "https://leetcode.com/problems/trapping-rain-water/",
    "difficulty": "Hard",
    "problemTag": [
      "Array",
      "Two Pointers",
      "Dynamic Programming",
      "Stack",
      "Monotonic Stack"
    ]
  },
  {
    "title": "Best Time to Buy and Sell Stock",
    "problemlink": "https://leetcode.com/problems/best-time-to-buy-and-sell-stock/",
    "difficulty": "Easy",
    "problemTag": ["Array", "Dynamic Programming"]
  },
  {
    "title": "Longest Substring Without Repeating Characters",
    "problemlink": "https://leetcode.com/problems/longest-substring-without-repeating-characters/",
    "difficulty": "Medium",
    "problemTag": ["Hash Table", "String", "Sliding Window"]
  },
  {
    "title": "Longest Repeating Character Replacement",
    "problemlink": "https://leetcode.com/problems/longest-repeating-character-replacement/",
    "difficulty": "Medium",
    "problemTag": ["Hash Table", "String", "Sliding Window"]
  },
  {
    "title": "Permutation in String",
    "problemlink": "https://leetcode.com/problems/permutation-in-string/",
    "difficulty": "Medium",
    "problemTag": ["Hash Table", "Two Pointers", "String", "Sliding Window"]
  },
  {
    "title": "Frequency of the Most Frequent Element",
    "problemlink": "https://leetcode.com/problems/frequency-of-the-most-frequent-element/",
    "difficulty": "Medium",
    "problemTag": [
      "Array",
      "Binary Search",
      "Greedy",
      "Sliding Window",
      "Sorting",
      "Prefix Sum"
    ]
  },
  {
    "title": "Minimum Number of Flips to Make the Binary String Alternating",
    "problemlink": "https://leetcode.com/problems/minimum-number-of-flips-to-make-the-binary-string-alternating/",
    "difficulty": "Medium",
    "problemTag": ["String", "Dynamic Programming", "Greedy", "Sliding Window"]
  },
  {
    "title": "Minimum Size Subarray Sum",
    "problemlink": "https://leetcode.com/problems/minimum-size-subarray-sum/",
    "difficulty": "Medium",
    "problemTag": ["Array", "Binary Search", "Sliding Window", "Prefix Sum"]
  },
  {
    "title": "Find K Closest Elements",
    "problemlink": "https://leetcode.com/problems/find-k-closest-elements/",
    "difficulty": "Medium",
    "problemTag": [
      "Array",
      "Two Pointers",
      "Binary Search",
      "Sliding Window",
      "Sorting",
      "Heap (Priority Queue)"
    ]
  },
  {
    "title": "Minimum Window Substring",
    "problemlink": "https://leetcode.com/problems/minimum-window-substring/",
    "difficulty": "Hard",
    "problemTag": ["Hash Table", "String", "Sliding Window"]
  },
  {
    "title": "Sliding Window Maximum",
    "problemlink": "https://leetcode.com/problems/sliding-window-maximum/",
    "difficulty": "Hard",
    "problemTag": [
      "Array",
      "Queue",
      "Sliding Window",
      "Heap (Priority Queue)",
      "Monotonic Queue"
    ]
  },
  {
    "title": "Valid Parentheses",
    "problemlink": "https://leetcode.com/problems/valid-parentheses/",
    "difficulty": "Easy",
    "problemTag": ["String", "Stack"]
  },
  {
    "title": "Baseball Game",
    "problemlink": "https://leetcode.com/problems/baseball-game/",
    "difficulty": "Easy",
    "problemTag": ["Array", "Stack", "Simulation"]
  },
  {
    "title": "Implement Stack using Queues",
    "problemlink": "https://leetcode.com/problems/implement-stack-using-queues/",
    "difficulty": "Easy",
    "problemTag": ["Stack", "Design", "Queue"]
  },
  {
    "title": "Min Stack",
    "problemlink": "https://leetcode.com/problems/min-stack/",
    "difficulty": "Medium",
    "problemTag": ["Stack", "Design"]
  },
  {
    "title": "Evaluate Reverse Polish Notation",
    "problemlink": "https://leetcode.com/problems/evaluate-reverse-polish-notation/",
    "difficulty": "Medium",
    "problemTag": ["Array", "Math", "Stack"]
  },
  {
    "title": "Generate Parentheses",
    "problemlink": "https://leetcode.com/problems/generate-parentheses/",
    "difficulty": "Medium",
    "problemTag": ["String", "Dynamic Programming", "Backtracking"]
  },
  {
    "title": "Asteroid Collision",
    "problemlink": "https://leetcode.com/problems/asteroid-collision/",
    "difficulty": "Medium",
    "problemTag": ["Array", "Stack"]
  },
  {
    "title": "Daily Temperatures",
    "problemlink": "https://leetcode.com/problems/daily-temperatures/",
    "difficulty": "Medium",
    "problemTag": ["Array", "Stack", "Monotonic Stack"]
  },
  {
    "title": "Online Stock Span",
    "problemlink": "https://leetcode.com/problems/online-stock-span/",
    "difficulty": "Medium",
    "problemTag": ["Stack", "Design", "Monotonic Stack", "Data Stream"]
  },
  {
    "title": "Car Fleet",
    "problemlink": "https://leetcode.com/problems/car-fleet/",
    "difficulty": "Medium",
    "problemTag": ["Array", "Stack", "Sorting", "Monotonic Stack"]
  },
  {
    "title": "Simplify Path",
    "problemlink": "https://leetcode.com/problems/simplify-path/",
    "difficulty": "Medium",
    "problemTag": ["String", "Stack"]
  },
  {
    "title": "Decode String",
    "problemlink": "https://leetcode.com/problems/decode-string/",
    "difficulty": "Medium",
    "problemTag": ["String", "Stack", "Recursion"]
  },
  {
    "title": "Remove K Digits",
    "problemlink": "https://leetcode.com/problems/remove-k-digits/",
    "difficulty": "Medium",
    "problemTag": ["String", "Stack", "Greedy", "Monotonic Stack"]
  },
  {
    "title": "Remove All Adjacent Duplicates in String II",
    "problemlink": "https://leetcode.com/problems/remove-all-adjacent-duplicates-in-string-ii/",
    "difficulty": "Medium",
    "problemTag": ["String", "Stack"]
  },
  {
    "title": "132 Pattern",
    "problemlink": "https://leetcode.com/problems/132-pattern/",
    "difficulty": "Medium",
    "problemTag": [
      "Array",
      "Binary Search",
      "Stack",
      "Monotonic Stack",
      "Ordered Set"
    ]
  },
  {
    "title": "Maximum Frequency Stack",
    "problemlink": "https://leetcode.com/problems/maximum-frequency-stack/",
    "difficulty": "Hard",
    "problemTag": ["Hash Table", "Stack", "Design", "Ordered Set"]
  },
  {
    "title": "Largest Rectangle in Histogram",
    "problemlink": "https://leetcode.com/problems/largest-rectangle-in-histogram/",
    "difficulty": "Hard",
    "problemTag": ["Array", "Stack", "Monotonic Stack"]
  },
  {
    "title": "Binary Search",
    "problemlink": "https://leetcode.com/problems/binary-search/",
    "difficulty": "Easy",
    "problemTag": ["Array", "Binary Search"]
  },
  {
    "title": "Search Insert Position",
    "problemlink": "https://leetcode.com/problems/search-insert-position/",
    "difficulty": "Easy",
    "problemTag": ["Array", "Binary Search"]
  },
  {
    "title": "Guess Number Higher or Lower",
    "problemlink": "https://leetcode.com/problems/guess-number-higher-or-lower/",
    "difficulty": "Easy",
    "problemTag": ["Binary Search", "Interactive"]
  },
  {
    "title": "Arranging Coins",
    "problemlink": "https://leetcode.com/problems/arranging-coins/",
    "difficulty": "Easy",
    "problemTag": ["Math", "Binary Search"]
  },
  {
    "title": "Squares of a Sorted Array",
    "problemlink": "https://leetcode.com/problems/squares-of-a-sorted-array/",
    "difficulty": "Easy",
    "problemTag": ["Array", "Two Pointers", "Sorting"]
  },
  {
    "title": "Valid Perfect Square",
    "problemlink": "https://leetcode.com/problems/valid-perfect-square/",
    "difficulty": "Easy",
    "problemTag": ["Math", "Binary Search"]
  },
  {
    "title": "Search a 2D Matrix",
    "problemlink": "https://leetcode.com/problems/search-a-2d-matrix/",
    "difficulty": "Medium",
    "problemTag": ["Array", "Binary Search", "Matrix"]
  },
  {
    "title": "Koko Eating Bananas",
    "problemlink": "https://leetcode.com/problems/koko-eating-bananas/",
    "difficulty": "Medium",
    "problemTag": ["Array", "Binary Search"]
  },
  {
    "title": "Find Minimum in Rotated Sorted Array",
    "problemlink": "https://leetcode.com/problems/find-minimum-in-rotated-sorted-array/",
    "difficulty": "Medium",
    "problemTag": ["Array", "Binary Search"]
  },
  {
    "title": "Search in Rotated Sorted Array",
    "problemlink": "https://leetcode.com/problems/search-in-rotated-sorted-array/",
    "difficulty": "Medium",
    "problemTag": ["Array", "Binary Search"]
  },
  {
    "title": "Time Based Key-Value Store",
    "problemlink": "https://leetcode.com/problems/time-based-key-value-store/",
    "difficulty": "Medium",
    "problemTag": ["Hash Table", "String", "Binary Search", "Design"]
  },
  {
    "title": "Find First and Last Position of Element in Sorted Array",
    "problemlink": "https://leetcode.com/problems/find-first-and-last-position-of-element-in-sorted-array/",
    "difficulty": "Medium",
    "problemTag": ["Array", "Binary Search"]
  },
  {
    "title": "Maximum Number of Removable Characters",
    "problemlink": "https://leetcode.com/problems/maximum-number-of-removable-characters/",
    "difficulty": "Medium",
    "problemTag": ["Array", "String", "Binary Search"]
  },
  {
    "title": "Populating Next Right Pointers in Each Node",
    "problemlink": "https://leetcode.com/problems/populating-next-right-pointers-in-each-node/",
    "difficulty": "Medium",
    "problemTag": [
      "Linked List",
      "Tree",
      "Depth-First Search",
      "Breadth-First Search",
      "Binary Tree"
    ]
  },
  {
    "title": "Search Suggestions System",
    "problemlink": "https://leetcode.com/problems/search-suggestions-system/",
    "difficulty": "Medium",
    "problemTag": ["Array", "String", "Trie"]
  },
  {
    "title": "Split Array Largest Sum",
    "problemlink": "https://leetcode.com/problems/split-array-largest-sum/",
    "difficulty": "Hard",
    "problemTag": ["Array", "Binary Search", "Dynamic Programming", "Greedy"]
  },
  {
    "title": "Median of Two Sorted Arrays",
    "problemlink": "https://leetcode.com/problems/median-of-two-sorted-arrays/",
    "difficulty": "Hard",
    "problemTag": ["Array", "Binary Search", "Divide and Conquer"]
  },
  {
    "title": "Reverse Linked List",
    "problemlink": "https://leetcode.com/problems/reverse-linked-list/",
    "difficulty": "Easy",
    "problemTag": ["Linked List", "Recursion"]
  },
  {
    "title": "Merge Two Sorted Lists",
    "problemlink": "https://leetcode.com/problems/merge-two-sorted-lists/",
    "difficulty": "Easy",
    "problemTag": ["Linked List", "Recursion"]
  },
  {
    "title": "Palindrome Linked List",
    "problemlink": "https://leetcode.com/problems/palindrome-linked-list/",
    "difficulty": "Easy",
    "problemTag": ["Linked List", "Two Pointers", "Stack", "Recursion"]
  },
  {
    "title": "Remove Linked List Elements",
    "problemlink": "https://leetcode.com/problems/remove-linked-list-elements/",
    "difficulty": "Easy",
    "problemTag": ["Linked List", "Recursion"]
  },
  {
    "title": "Remove Duplicates from Sorted List",
    "problemlink": "https://leetcode.com/problems/remove-duplicates-from-sorted-list/",
    "difficulty": "Easy",
    "problemTag": ["Linked List"]
  },
  {
    "title": "Intersection of Two Linked Lists",
    "problemlink": "https://leetcode.com/problems/intersection-of-two-linked-lists/",
    "difficulty": "Easy",
    "problemTag": ["Hash Table", "Linked List", "Two Pointers"]
  },
  {
    "title": "Reorder List",
    "problemlink": "https://leetcode.com/problems/reorder-list/",
    "difficulty": "Medium",
    "problemTag": ["Linked List", "Two Pointers", "Stack", "Recursion"]
  },
  {
    "title": "Remove Nth Node From End of List",
    "problemlink": "https://leetcode.com/problems/remove-nth-node-from-end-of-list/",
    "difficulty": "Medium",
    "problemTag": ["Linked List", "Two Pointers"]
  },
  {
    "title": "Copy List with Random Pointer",
    "problemlink": "https://leetcode.com/problems/copy-list-with-random-pointer/",
    "difficulty": "Medium",
    "problemTag": ["Hash Table", "Linked List"]
  },
  {
    "title": "Add Two Numbers",
    "problemlink": "https://leetcode.com/problems/add-two-numbers/",
    "difficulty": "Medium",
    "problemTag": ["Linked List", "Math", "Recursion"]
  },
  {
    "title": "Linked List Cycle",
    "problemlink": "https://leetcode.com/problems/linked-list-cycle/",
    "difficulty": "Easy",
    "problemTag": ["Hash Table", "Linked List", "Two Pointers"]
  },
  {
    "title": "Find the Duplicate Number",
    "problemlink": "https://leetcode.com/problems/find-the-duplicate-number/",
    "difficulty": "Medium",
    "problemTag": ["Array", "Two Pointers", "Binary Search", "Bit Manipulation"]
  },
  {
    "title": "Swap Nodes in Pairs",
    "problemlink": "https://leetcode.com/problems/swap-nodes-in-pairs/",
    "difficulty": "Medium",
    "problemTag": ["Linked List", "Recursion"]
  },
  {
    "title": "Sort List",
    "problemlink": "https://leetcode.com/problems/sort-list/",
    "difficulty": "Medium",
    "problemTag": [
      "Linked List",
      "Two Pointers",
      "Divide and Conquer",
      "Sorting",
      "Merge Sort"
    ]
  },
  {
    "title": "Partition List",
    "problemlink": "https://leetcode.com/problems/partition-list/",
    "difficulty": "Medium",
    "problemTag": ["Linked List", "Two Pointers"]
  },
  {
    "title": "Rotate List",
    "problemlink": "https://leetcode.com/problems/rotate-list/",
    "difficulty": "Medium",
    "problemTag": ["Linked List", "Two Pointers"]
  },
  {
    "title": "Reverse Linked List II",
    "problemlink": "https://leetcode.com/problems/reverse-linked-list-ii/",
    "difficulty": "Medium",
    "problemTag": ["Linked List"]
  },
  {
    "title": "Design Circular Queue",
    "problemlink": "https://leetcode.com/problems/design-circular-queue/",
    "difficulty": "Medium",
    "problemTag": ["Array", "Linked List", "Design", "Queue"]
  },
  {
    "title": "Insertion Sort List",
    "problemlink": "https://leetcode.com/problems/insertion-sort-list/",
    "difficulty": "Medium",
    "problemTag": ["Linked List", "Sorting"]
  },
  {
    "title": "LRU Cache",
    "problemlink": "https://leetcode.com/problems/lru-cache/",
    "difficulty": "Medium",
    "problemTag": ["Hash Table", "Linked List", "Design", "Doubly-Linked List"]
  },
  {
    "title": "Merge k Sorted Lists",
    "problemlink": "https://leetcode.com/problems/merge-k-sorted-lists/",
    "difficulty": "Hard",
    "problemTag": [
      "Linked List",
      "Divide and Conquer",
      "Heap (Priority Queue)",
      "Merge Sort"
    ]
  },
  {
    "title": "Reverse Nodes in k-Group",
    "problemlink": "https://leetcode.com/problems/reverse-nodes-in-k-group/",
    "difficulty": "Hard",
    "problemTag": ["Linked List", "Recursion"]
  },
  {
    "title": "Binary Tree Inorder Traversal",
    "problemlink": "https://leetcode.com/problems/binary-tree-inorder-traversal/",
    "difficulty": "Easy",
    "problemTag": ["Stack", "Tree", "Depth-First Search", "Binary Tree"]
  },
  {
    "title": "Invert Binary Tree",
    "problemlink": "https://leetcode.com/problems/invert-binary-tree/",
    "difficulty": "Easy",
    "problemTag": [
      "Tree",
      "Depth-First Search",
      "Breadth-First Search",
      "Binary Tree"
    ]
  },
  {
    "title": "Maximum Depth of Binary Tree",
    "problemlink": "https://leetcode.com/problems/maximum-depth-of-binary-tree/",
    "difficulty": "Easy",
    "problemTag": [
      "Tree",
      "Depth-First Search",
      "Breadth-First Search",
      "Binary Tree"
    ]
  },
  {
    "title": "Diameter of Binary Tree",
    "problemlink": "https://leetcode.com/problems/diameter-of-binary-tree/",
    "difficulty": "Easy",
    "problemTag": ["Tree", "Depth-First Search", "Binary Tree"]
  },
  {
    "title": "Balanced Binary Tree",
    "problemlink": "https://leetcode.com/problems/balanced-binary-tree/",
    "difficulty": "Easy",
    "problemTag": ["Tree", "Depth-First Search", "Binary Tree"]
  },
  {
    "title": "Same Tree",
    "problemlink": "https://leetcode.com/problems/same-tree/",
    "difficulty": "Easy",
    "problemTag": [
      "Tree",
      "Depth-First Search",
      "Breadth-First Search",
      "Binary Tree"
    ]
  },
  {
    "title": "Subtree of Another Tree",
    "problemlink": "https://leetcode.com/problems/subtree-of-another-tree/",
    "difficulty": "Easy",
    "problemTag": [
      "Tree",
      "Depth-First Search",
      "String Matching",
      "Binary Tree",
      "Hash Function"
    ]
  },
  {
    "title": "Convert Sorted Array to Binary Search Tree",
    "problemlink": "https://leetcode.com/problems/convert-sorted-array-to-binary-search-tree/",
    "difficulty": "Easy",
    "problemTag": [
      "Array",
      "Divide and Conquer",
      "Tree",
      "Binary Search Tree",
      "Binary Tree"
    ]
  },
  {
    "title": "Merge Two Binary Trees",
    "problemlink": "https://leetcode.com/problems/merge-two-binary-trees/",
    "difficulty": "Easy",
    "problemTag": [
      "Tree",
      "Depth-First Search",
      "Breadth-First Search",
      "Binary Tree"
    ]
  },
  {
    "title": "Path Sum",
    "problemlink": "https://leetcode.com/problems/path-sum/",
    "difficulty": "Easy",
    "problemTag": [
      "Tree",
      "Depth-First Search",
      "Breadth-First Search",
      "Binary Tree"
    ]
  },
  {
    "title": "Construct String from Binary Tree",
    "problemlink": "https://leetcode.com/problems/construct-string-from-binary-tree/",
    "difficulty": "Easy",
    "problemTag": ["String", "Tree", "Depth-First Search", "Binary Tree"]
  },
  {
    "title": "Lowest Common Ancestor of a Binary Search Tree",
    "problemlink": "https://leetcode.com/problems/lowest-common-ancestor-of-a-binary-search-tree/",
    "difficulty": "Medium",
    "problemTag": [
      "Tree",
      "Depth-First Search",
      "Binary Search Tree",
      "Binary Tree"
    ]
  },
  {
    "title": "Binary Tree Level Order Traversal",
    "problemlink": "https://leetcode.com/problems/binary-tree-level-order-traversal/",
    "difficulty": "Medium",
    "problemTag": ["Tree", "Breadth-First Search", "Binary Tree"]
  },
  {
    "title": "Binary Tree Right Side View",
    "problemlink": "https://leetcode.com/problems/binary-tree-right-side-view/",
    "difficulty": "Medium",
    "problemTag": [
      "Tree",
      "Depth-First Search",
      "Breadth-First Search",
      "Binary Tree"
    ]
  },
  {
    "title": "Count Good Nodes in Binary Tree",
    "problemlink": "https://leetcode.com/problems/count-good-nodes-in-binary-tree/",
    "difficulty": "Medium",
    "problemTag": [
      "Tree",
      "Depth-First Search",
      "Breadth-First Search",
      "Binary Tree"
    ]
  },
  {
    "title": "Validate Binary Search Tree",
    "problemlink": "https://leetcode.com/problems/validate-binary-search-tree/",
    "difficulty": "Medium",
    "problemTag": [
      "Tree",
      "Depth-First Search",
      "Binary Search Tree",
      "Binary Tree"
    ]
  },
  {
    "title": "Kth Smallest Element in a BST",
    "problemlink": "https://leetcode.com/problems/kth-smallest-element-in-a-bst/",
    "difficulty": "Medium",
    "problemTag": [
      "Tree",
      "Depth-First Search",
      "Binary Search Tree",
      "Binary Tree"
    ]
  },
  {
    "title": "Construct Binary Tree from Preorder and Inorder Traversal",
    "problemlink": "https://leetcode.com/problems/construct-binary-tree-from-preorder-and-inorder-traversal/",
    "difficulty": "Medium",
    "problemTag": [
      "Array",
      "Hash Table",
      "Divide and Conquer",
      "Tree",
      "Binary Tree"
    ]
  },
  {
    "title": "Unique Binary Search Trees",
    "problemlink": "https://leetcode.com/problems/unique-binary-search-trees/",
    "difficulty": "Medium",
    "problemTag": [
      "Math",
      "Dynamic Programming",
      "Tree",
      "Binary Search Tree",
      "Binary Tree"
    ]
  },
  {
    "title": "Sum Root to Leaf Numbers",
    "problemlink": "https://leetcode.com/problems/sum-root-to-leaf-numbers/",
    "difficulty": "Medium",
    "problemTag": ["Tree", "Depth-First Search", "Binary Tree"]
  },
  {
    "title": "House Robber III",
    "problemlink": "https://leetcode.com/problems/house-robber-iii/",
    "difficulty": "Medium",
    "problemTag": [
      "Dynamic Programming",
      "Tree",
      "Depth-First Search",
      "Binary Tree"
    ]
  },
  {
    "title": "Flip Equivalent Binary Trees",
    "problemlink": "https://leetcode.com/problems/flip-equivalent-binary-trees/",
    "difficulty": "Medium",
    "problemTag": ["Tree", "Depth-First Search", "Binary Tree"]
  },
  {
    "title": "Operations on Tree",
    "problemlink": "https://leetcode.com/problems/operations-on-tree/",
    "difficulty": "Medium",
    "problemTag": [
      "Hash Table",
      "Tree",
      "Depth-First Search",
      "Breadth-First Search",
      "Design"
    ]
  },
  {
    "title": "All Possible Full Binary Trees",
    "problemlink": "https://leetcode.com/problems/all-possible-full-binary-trees/",
    "difficulty": "Medium",
    "problemTag": [
      "Dynamic Programming",
      "Tree",
      "Recursion",
      "Memoization",
      "Binary Tree"
    ]
  },
  {
    "title": "Find Bottom Left Tree Value",
    "problemlink": "https://leetcode.com/problems/find-bottom-left-tree-value/",
    "difficulty": "Medium",
    "problemTag": [
      "Tree",
      "Depth-First Search",
      "Breadth-First Search",
      "Binary Tree"
    ]
  },
  {
    "title": "Trim a Binary Search Tree",
    "problemlink": "https://leetcode.com/problems/trim-a-binary-search-tree/",
    "difficulty": "Medium",
    "problemTag": [
      "Tree",
      "Depth-First Search",
      "Binary Search Tree",
      "Binary Tree"
    ]
  },
  {
    "title": "Binary Search Tree Iterator",
    "problemlink": "https://leetcode.com/problems/binary-search-tree-iterator/",
    "difficulty": "Medium",
    "problemTag": [
      "Stack",
      "Tree",
      "Design",
      "Binary Search Tree",
      "Binary Tree",
      "Iterator"
    ]
  },
  {
    "title": "Convert BST to Greater Tree",
    "problemlink": "https://leetcode.com/problems/convert-bst-to-greater-tree/",
    "difficulty": "Medium",
    "problemTag": [
      "Tree",
      "Depth-First Search",
      "Binary Search Tree",
      "Binary Tree"
    ]
  },
  {
    "title": "Binary Tree Maximum Path Sum",
    "problemlink": "https://leetcode.com/problems/binary-tree-maximum-path-sum/",
    "difficulty": "Hard",
    "problemTag": [
      "Dynamic Programming",
      "Tree",
      "Depth-First Search",
      "Binary Tree"
    ]
  },
  {
    "title": "Serialize and Deserialize Binary Tree",
    "problemlink": "https://leetcode.com/problems/serialize-and-deserialize-binary-tree/",
    "difficulty": "Hard",
    "problemTag": [
      "String",
      "Tree",
      "Depth-First Search",
      "Breadth-First Search",
      "Design",
      "Binary Tree"
    ]
  },
  {
    "title": "Implement Trie (Prefix Tree)",
    "problemlink": "https://leetcode.com/problems/implement-trie-prefix-tree/",
    "difficulty": "Medium",
    "problemTag": ["Hash Table", "String", "Design", "Trie"]
  },
  {
    "title": "Design Add and Search Words Data Structure",
    "problemlink": "https://leetcode.com/problems/design-add-and-search-words-data-structure/",
    "difficulty": "Medium",
    "problemTag": ["String", "Depth-First Search", "Design", "Trie"]
  },
  {
    "title": "Word Search II",
    "problemlink": "https://leetcode.com/problems/word-search-ii/",
    "difficulty": "Hard",
    "problemTag": ["Array", "String", "Backtracking", "Trie", "Matrix"]
  },
  {
    "title": "Kth Largest Element in a Stream",
    "problemlink": "https://leetcode.com/problems/kth-largest-element-in-a-stream/",
    "difficulty": "Easy",
    "problemTag": [
      "Tree",
      "Design",
      "Binary Search Tree",
      "Heap (Priority Queue)",
      "Binary Tree",
      "Data Stream"
    ]
  },
  {
    "title": "Last Stone Weight",
    "problemlink": "https://leetcode.com/problems/last-stone-weight/",
    "difficulty": "Easy",
    "problemTag": ["Array", "Heap (Priority Queue)"]
  },
  {
    "title": "K Closest Points to Origin",
    "problemlink": "https://leetcode.com/problems/k-closest-points-to-origin/",
    "difficulty": "Medium",
    "problemTag": [
      "Array",
      "Math",
      "Divide and Conquer",
      "Geometry",
      "Sorting",
      "Heap (Priority Queue)",
      "Quickselect"
    ]
  },
  {
    "title": "Kth Largest Element in an Array",
    "problemlink": "https://leetcode.com/problems/kth-largest-element-in-an-array/",
    "difficulty": "Medium",
    "problemTag": [
      "Array",
      "Divide and Conquer",
      "Sorting",
      "Heap (Priority Queue)",
      "Quickselect"
    ]
  },
  {
    "title": "Task Scheduler",
    "problemlink": "https://leetcode.com/problems/task-scheduler/",
    "difficulty": "Medium",
    "problemTag": [
      "Array",
      "Hash Table",
      "Greedy",
      "Sorting",
      "Heap (Priority Queue)",
      "Counting"
    ]
  },
  {
    "title": "Design Twitter",
    "problemlink": "https://leetcode.com/problems/design-twitter/",
    "difficulty": "Medium",
    "problemTag": [
      "Hash Table",
      "Linked List",
      "Design",
      "Heap (Priority Queue)"
    ]
  },
  {
    "title": "Single-Threaded CPU",
    "problemlink": "https://leetcode.com/problems/single-threaded-cpu/",
    "difficulty": "Medium",
    "problemTag": ["Array", "Sorting", "Heap (Priority Queue)"]
  },
  {
    "title": "Seat Reservation Manager",
    "problemlink": "https://leetcode.com/problems/seat-reservation-manager/",
    "difficulty": "Medium",
    "problemTag": ["Design", "Heap (Priority Queue)"]
  },
  {
    "title": "Process Tasks Using Servers",
    "problemlink": "https://leetcode.com/problems/process-tasks-using-servers/",
    "difficulty": "Medium",
    "problemTag": ["Array", "Heap (Priority Queue)"]
  },
  {
    "title": "Find the Kth Largest Integer in the Array",
    "problemlink": "https://leetcode.com/problems/find-the-kth-largest-integer-in-the-array/",
    "difficulty": "Medium",
    "problemTag": [
      "Array",
      "String",
      "Divide and Conquer",
      "Sorting",
      "Heap (Priority Queue)",
      "Quickselect"
    ]
  },
  {
    "title": "Reorganize String",
    "problemlink": "https://leetcode.com/problems/reorganize-string/",
    "difficulty": "Medium",
    "problemTag": [
      "Hash Table",
      "String",
      "Greedy",
      "Sorting",
      "Heap (Priority Queue)",
      "Counting"
    ]
  },
  {
    "title": "Longest Happy String",
    "problemlink": "https://leetcode.com/problems/longest-happy-string/",
    "difficulty": "Medium",
    "problemTag": ["String", "Greedy", "Heap (Priority Queue)"]
  },
  {
    "title": "Car Pooling",
    "problemlink": "https://leetcode.com/problems/car-pooling/",
    "difficulty": "Medium",
    "problemTag": [
      "Array",
      "Sorting",
      "Heap (Priority Queue)",
      "Simulation",
      "Prefix Sum"
    ]
  },
  {
    "title": "Find Median from Data Stream",
    "problemlink": "https://leetcode.com/problems/find-median-from-data-stream/",
    "difficulty": "Hard",
    "problemTag": [
      "Two Pointers",
      "Design",
      "Sorting",
      "Heap (Priority Queue)",
      "Data Stream"
    ]
  },
  {
    "title": "Maximum Performance of a Team",
    "problemlink": "https://leetcode.com/problems/maximum-performance-of-a-team/",
    "difficulty": "Hard",
    "problemTag": ["Array", "Greedy", "Sorting", "Heap (Priority Queue)"]
  },
  {
    "title": "Subsets",
    "problemlink": "https://leetcode.com/problems/subsets/",
    "difficulty": "Medium",
    "problemTag": ["Array", "Backtracking", "Bit Manipulation"]
  },
  {
    "title": "Combination Sum",
    "problemlink": "https://leetcode.com/problems/combination-sum/",
    "difficulty": "Medium",
    "problemTag": ["Array", "Backtracking"]
  },
  {
    "title": "Combinations",
    "problemlink": "https://leetcode.com/problems/combinations/",
    "difficulty": "Medium",
    "problemTag": ["Backtracking"]
  },
  {
    "title": "Permutations",
    "problemlink": "https://leetcode.com/problems/permutations/",
    "difficulty": "Medium",
    "problemTag": ["Array", "Backtracking"]
  },
  {
    "title": "Subsets II",
    "problemlink": "https://leetcode.com/problems/subsets-ii/",
    "difficulty": "Medium",
    "problemTag": ["Array", "Backtracking", "Bit Manipulation"]
  },
  {
    "title": "Combination Sum II",
    "problemlink": "https://leetcode.com/problems/combination-sum-ii/",
    "difficulty": "Medium",
    "problemTag": ["Array", "Backtracking"]
  },
  {
    "title": "Permutations II",
    "problemlink": "https://leetcode.com/problems/permutations-ii/",
    "difficulty": "Medium",
    "problemTag": ["Array", "Backtracking"]
  },
  {
    "title": "Word Search",
    "problemlink": "https://leetcode.com/problems/word-search/",
    "difficulty": "Medium",
    "problemTag": ["Array", "Backtracking", "Matrix"]
  },
  {
    "title": "Palindrome Partitioning",
    "problemlink": "https://leetcode.com/problems/palindrome-partitioning/",
    "difficulty": "Medium",
    "problemTag": ["String", "Dynamic Programming", "Backtracking"]
  },
  {
    "title": "Restore IP Addresses",
    "problemlink": "https://leetcode.com/problems/restore-ip-addresses/",
    "difficulty": "Medium",
    "problemTag": ["String", "Backtracking"]
  },
  {
    "title": "Letter Combinations of a Phone Number",
    "problemlink": "https://leetcode.com/problems/letter-combinations-of-a-phone-number/",
    "difficulty": "Medium",
    "problemTag": ["Hash Table", "String", "Backtracking"]
  },
  {
    "title": "Matchsticks to Square",
    "problemlink": "https://leetcode.com/problems/matchsticks-to-square/",
    "difficulty": "Medium",
    "problemTag": [
      "Array",
      "Dynamic Programming",
      "Backtracking",
      "Bit Manipulation",
      "Bitmask"
    ]
  },
  {
    "title": "Splitting a String Into Descending Consecutive Values",
    "problemlink": "https://leetcode.com/problems/splitting-a-string-into-descending-consecutive-values/",
    "difficulty": "Medium",
    "problemTag": ["String", "Backtracking"]
  },
  {
    "title": "Find Unique Binary String",
    "problemlink": "https://leetcode.com/problems/find-unique-binary-string/",
    "difficulty": "Medium",
    "problemTag": ["Array", "String", "Backtracking"]
  },
  {
    "title": "Maximum Length of a Concatenated String with Unique Characters",
    "problemlink": "https://leetcode.com/problems/maximum-length-of-a-concatenated-string-with-unique-characters/",
    "difficulty": "Medium",
    "problemTag": ["Array", "String", "Backtracking", "Bit Manipulation"]
  },
  {
    "title": "Partition to K Equal Sum Subsets",
    "problemlink": "https://leetcode.com/problems/partition-to-k-equal-sum-subsets/",
    "difficulty": "Medium",
    "problemTag": [
      "Array",
      "Dynamic Programming",
      "Backtracking",
      "Bit Manipulation",
      "Memoization",
      "Bitmask"
    ]
  },
  {
    "title": "N-Queens",
    "problemlink": "https://leetcode.com/problems/n-queens/",
    "difficulty": "Hard",
    "problemTag": ["Array", "Backtracking"]
  },
  {
    "title": "N-Queens II",
    "problemlink": "https://leetcode.com/problems/n-queens-ii/",
    "difficulty": "Hard",
    "problemTag": ["Backtracking"]
  },
  {
    "title": "Island Perimeter",
    "problemlink": "https://leetcode.com/problems/island-perimeter/",
    "difficulty": "Easy",
    "problemTag": [
      "Array",
      "Depth-First Search",
      "Breadth-First Search",
      "Matrix"
    ]
  },
  {
    "title": "Verifying an Alien Dictionary",
    "problemlink": "https://leetcode.com/problems/verifying-an-alien-dictionary/",
    "difficulty": "Easy",
    "problemTag": ["Array", "Hash Table", "String"]
  },
  {
    "title": "Number of Islands",
    "problemlink": "https://leetcode.com/problems/number-of-islands/",
    "difficulty": "Medium",
    "problemTag": [
      "Array",
      "Depth-First Search",
      "Breadth-First Search",
      "Union Find",
      "Matrix"
    ]
  },
  {
    "title": "Clone Graph",
    "problemlink": "https://leetcode.com/problems/clone-graph/",
    "difficulty": "Medium",
    "problemTag": [
      "Hash Table",
      "Depth-First Search",
      "Breadth-First Search",
      "Graph"
    ]
  },
  {
    "title": "Max Area of Island",
    "problemlink": "https://leetcode.com/problems/max-area-of-island/",
    "difficulty": "Medium",
    "problemTag": [
      "Array",
      "Depth-First Search",
      "Breadth-First Search",
      "Union Find",
      "Matrix"
    ]
  },
  {
    "title": "Count Sub Islands",
    "problemlink": "https://leetcode.com/problems/count-sub-islands/",
    "difficulty": "Medium",
    "problemTag": [
      "Array",
      "Depth-First Search",
      "Breadth-First Search",
      "Union Find",
      "Matrix"
    ]
  },
  {
    "title": "Pacific Atlantic Water Flow",
    "problemlink": "https://leetcode.com/problems/pacific-atlantic-water-flow/",
    "difficulty": "Medium",
    "problemTag": [
      "Array",
      "Depth-First Search",
      "Breadth-First Search",
      "Matrix"
    ]
  },
  {
    "title": "Surrounded Regions",
    "problemlink": "https://leetcode.com/problems/surrounded-regions/",
    "difficulty": "Medium",
    "problemTag": [
      "Array",
      "Depth-First Search",
      "Breadth-First Search",
      "Union Find",
      "Matrix"
    ]
  },
  {
    "title": "Reorder Routes to Make All Paths Lead to the City Zero",
    "problemlink": "https://leetcode.com/problems/reorder-routes-to-make-all-paths-lead-to-the-city-zero/",
    "difficulty": "Medium",
    "problemTag": ["Depth-First Search", "Breadth-First Search", "Graph"]
  },
  {
    "title": "Rotting Oranges",
    "problemlink": "https://leetcode.com/problems/rotting-oranges/",
    "difficulty": "Medium",
    "problemTag": ["Array", "Breadth-First Search", "Matrix"]
  },
  {
    "title": "Walls and Gates",
    "problemlink": "https://leetcode.com/problems/walls-and-gates/",
    "difficulty": "Medium",
    "problemTag": ["Array", "Breadth-First Search", "Matrix"]
  },
  {
    "title": "Snakes and Ladders",
    "problemlink": "https://leetcode.com/problems/snakes-and-ladders/",
    "difficulty": "Medium",
    "problemTag": ["Array", "Breadth-First Search", "Matrix"]
  },
  {
    "title": "Open the Lock",
    "problemlink": "https://leetcode.com/problems/open-the-lock/",
    "difficulty": "Medium",
    "problemTag": ["Array", "Hash Table", "String", "Breadth-First Search"]
  },
  {
    "title": "Find Eventual Safe States",
    "problemlink": "https://leetcode.com/problems/find-eventual-safe-states/",
    "difficulty": "Medium",
    "problemTag": [
      "Depth-First Search",
      "Breadth-First Search",
      "Graph",
      "Topological Sort"
    ]
  },
  {
    "title": "Course Schedule",
    "problemlink": "https://leetcode.com/problems/course-schedule/",
    "difficulty": "Medium",
    "problemTag": [
      "Depth-First Search",
      "Breadth-First Search",
      "Graph",
      "Topological Sort"
    ]
  },
  {
    "title": "Course Schedule II",
    "problemlink": "https://leetcode.com/problems/course-schedule-ii/",
    "difficulty": "Medium",
    "problemTag": [
      "Depth-First Search",
      "Breadth-First Search",
      "Graph",
      "Topological Sort"
    ]
  },
  {
    "title": "Check if Move is Legal",
    "problemlink": "https://leetcode.com/problems/check-if-move-is-legal/",
    "difficulty": "Medium",
    "problemTag": ["Array", "Matrix", "Enumeration"]
  },
  {
    "title": "Shortest Bridge",
    "problemlink": "https://leetcode.com/problems/shortest-bridge/",
    "difficulty": "Medium",
    "problemTag": [
      "Array",
      "Depth-First Search",
      "Breadth-First Search",
      "Matrix"
    ]
  },
  {
    "title": "Redundant Connection",
    "problemlink": "https://leetcode.com/problems/redundant-connection/",
    "difficulty": "Medium",
    "problemTag": [
      "Depth-First Search",
      "Breadth-First Search",
      "Union Find",
      "Graph"
    ]
  },
  {
    "title": "Number of Connected Components in an Undirected Graph",
    "problemlink": "https://leetcode.com/problems/number-of-connected-components-in-an-undirected-graph/",
    "difficulty": "Medium",
    "problemTag": [
      "Depth-First Search",
      "Breadth-First Search",
      "Union Find",
      "Graph"
    ]
  },
  {
    "title": "Graph Valid Tree",
    "problemlink": "https://leetcode.com/problems/graph-valid-tree/",
    "difficulty": "Medium",
    "problemTag": [
      "Depth-First Search",
      "Breadth-First Search",
      "Union Find",
      "Graph"
    ]
  },
  {
    "title": "Minimum Number of Days to Eat N Oranges",
    "problemlink": "https://leetcode.com/problems/minimum-number-of-days-to-eat-n-oranges/",
    "difficulty": "Hard",
    "problemTag": ["Dynamic Programming", "Memoization"]
  },
  {
    "title": "Word Ladder",
    "problemlink": "https://leetcode.com/problems/word-ladder/",
    "difficulty": "Hard",
    "problemTag": ["Hash Table", "String", "Breadth-First Search"]
  },
  {
    "title": "Reconstruct Itinerary",
    "problemlink": "https://leetcode.com/problems/reconstruct-itinerary/",
    "difficulty": "Hard",
    "problemTag": ["Depth-First Search", "Graph", "Eulerian Circuit"]
  },
  {
    "title": "Min Cost to Connect All Points",
    "problemlink": "https://leetcode.com/problems/min-cost-to-connect-all-points/",
    "difficulty": "Medium",
    "problemTag": ["Array", "Union Find", "Graph", "Minimum Spanning Tree"]
  },
  {
    "title": "Network Delay Time",
    "problemlink": "https://leetcode.com/problems/network-delay-time/",
    "difficulty": "Medium",
    "problemTag": [
      "Depth-First Search",
      "Breadth-First Search",
      "Graph",
      "Heap (Priority Queue)",
      "Shortest Path"
    ]
  },
  {
    "title": "Swim in Rising Water",
    "problemlink": "https://leetcode.com/problems/swim-in-rising-water/",
    "difficulty": "Hard",
    "problemTag": [
      "Array",
      "Binary Search",
      "Depth-First Search",
      "Breadth-First Search",
      "Union Find",
      "Heap (Priority Queue)",
      "Matrix"
    ]
  },
  {
    "title": "Alien Dictionary",
    "problemlink": "https://leetcode.com/problems/alien-dictionary/",
    "difficulty": "Hard",
    "problemTag": [
      "Array",
      "String",
      "Depth-First Search",
      "Breadth-First Search",
      "Graph",
      "Topological Sort"
    ]
  },
  {
    "title": "Cheapest Flights Within K Stops",
    "problemlink": "https://leetcode.com/problems/cheapest-flights-within-k-stops/",
    "difficulty": "Medium",
    "problemTag": [
      "Dynamic Programming",
      "Depth-First Search",
      "Breadth-First Search",
      "Graph",
      "Heap (Priority Queue)",
      "Shortest Path"
    ]
  },
  {
    "title": "Climbing Stairs",
    "problemlink": "https://leetcode.com/problems/climbing-stairs/",
    "difficulty": "Easy",
    "problemTag": ["Math", "Dynamic Programming", "Memoization"]
  },
  {
    "title": "Min Cost Climbing Stairs",
    "problemlink": "https://leetcode.com/problems/min-cost-climbing-stairs/",
    "difficulty": "Easy",
    "problemTag": ["Array", "Dynamic Programming"]
  },
  {
    "title": "House Robber",
    "problemlink": "https://leetcode.com/problems/house-robber/",
    "difficulty": "Medium",
    "problemTag": ["Array", "Dynamic Programming"]
  },
  {
    "title": "House Robber II",
    "problemlink": "https://leetcode.com/problems/house-robber-ii/",
    "difficulty": "Medium",
    "problemTag": ["Array", "Dynamic Programming"]
  },
  {
    "title": "Longest Palindromic Substring",
    "problemlink": "https://leetcode.com/problems/longest-palindromic-substring/",
    "difficulty": "Medium",
    "problemTag": ["String", "Dynamic Programming"]
  },
  {
    "title": "Palindromic Substrings",
    "problemlink": "https://leetcode.com/problems/palindromic-substrings/",
    "difficulty": "Medium",
    "problemTag": ["String", "Dynamic Programming"]
  },
  {
    "title": "Decode Ways",
    "problemlink": "https://leetcode.com/problems/decode-ways/",
    "difficulty": "Medium",
    "problemTag": ["String", "Dynamic Programming"]
  },
  {
    "title": "Coin Change",
    "problemlink": "https://leetcode.com/problems/coin-change/",
    "difficulty": "Medium",
    "problemTag": ["Array", "Dynamic Programming", "Breadth-First Search"]
  },
  {
    "title": "Maximum Product Subarray",
    "problemlink": "https://leetcode.com/problems/maximum-product-subarray/",
    "difficulty": "Medium",
    "problemTag": ["Array", "Dynamic Programming"]
  },
  {
    "title": "Word Break",
    "problemlink": "https://leetcode.com/problems/word-break/",
    "difficulty": "Medium",
    "problemTag": [
      "Hash Table",
      "String",
      "Dynamic Programming",
      "Trie",
      "Memoization"
    ]
  },
  {
    "title": "Longest Increasing Subsequence",
    "problemlink": "https://leetcode.com/problems/longest-increasing-subsequence/",
    "difficulty": "Medium",
    "problemTag": ["Array", "Binary Search", "Dynamic Programming"]
  },
  {
    "title": "Partition Equal Subset Sum",
    "problemlink": "https://leetcode.com/problems/partition-equal-subset-sum/",
    "difficulty": "Medium",
    "problemTag": ["Array", "Dynamic Programming"]
  },
  {
    "title": "Triangle",
    "problemlink": "https://leetcode.com/problems/triangle/",
    "difficulty": "Medium",
    "problemTag": ["Array", "Dynamic Programming"]
  },
  {
    "title": "Delete and Earn",
    "problemlink": "https://leetcode.com/problems/delete-and-earn/",
    "difficulty": "Medium",
    "problemTag": ["Array", "Hash Table", "Dynamic Programming"]
  },
  {
    "title": "Paint House",
    "problemlink": "https://leetcode.com/problems/paint-house/",
    "difficulty": "Medium",
    "problemTag": ["Array", "Dynamic Programming"]
  },
  {
    "title": "Combination Sum IV",
    "problemlink": "https://leetcode.com/problems/combination-sum-iv/",
    "difficulty": "Medium",
    "problemTag": ["Array", "Dynamic Programming"]
  },
  {
    "title": "Perfect Squares",
    "problemlink": "https://leetcode.com/problems/perfect-squares/",
    "difficulty": "Medium",
    "problemTag": ["Math", "Dynamic Programming", "Breadth-First Search"]
  },
  {
    "title": "Maximum Subarray Min-Product",
    "problemlink": "https://leetcode.com/problems/maximum-subarray-min-product/",
    "difficulty": "Medium",
    "problemTag": ["Array", "Stack", "Monotonic Stack", "Prefix Sum"]
  },
  {
    "title": "Minimum Cost For Tickets",
    "problemlink": "https://leetcode.com/problems/minimum-cost-for-tickets/",
    "difficulty": "Medium",
    "problemTag": ["Array", "Dynamic Programming"]
  },
  {
    "title": "Integer Break",
    "problemlink": "https://leetcode.com/problems/integer-break/",
    "difficulty": "Medium",
    "problemTag": ["Math", "Dynamic Programming"]
  },
  {
    "title": "Number of Longest Increasing Subsequence",
    "problemlink": "https://leetcode.com/problems/number-of-longest-increasing-subsequence/",
    "difficulty": "Medium",
    "problemTag": [
      "Array",
      "Dynamic Programming",
      "Binary Indexed Tree",
      "Segment Tree"
    ]
  },
  {
    "title": "Stickers to Spell Word",
    "problemlink": "https://leetcode.com/problems/stickers-to-spell-word/",
    "difficulty": "Hard",
    "problemTag": [
      "Array",
      "String",
      "Dynamic Programming",
      "Backtracking",
      "Bit Manipulation",
      "Bitmask"
    ]
  },
  {
    "title": "Unique Paths",
    "problemlink": "https://leetcode.com/problems/unique-paths/",
    "difficulty": "Medium",
    "problemTag": ["Math", "Dynamic Programming", "Combinatorics"]
  },
  {
    "title": "Longest Common Subsequence",
    "problemlink": "https://leetcode.com/problems/longest-common-subsequence/",
    "difficulty": "Medium",
    "problemTag": ["String", "Dynamic Programming"]
  },
  {
    "title": "Best Time to Buy and Sell Stock with Cooldown",
    "problemlink": "https://leetcode.com/problems/best-time-to-buy-and-sell-stock-with-cooldown/",
    "difficulty": "Medium",
    "problemTag": ["Array", "Dynamic Programming"]
  },
  {
    "title": "Coin Change II",
    "problemlink": "https://leetcode.com/problems/coin-change-ii/",
    "difficulty": "Medium",
    "problemTag": ["Array", "Dynamic Programming"]
  },
  {
    "title": "Target Sum",
    "problemlink": "https://leetcode.com/problems/target-sum/",
    "difficulty": "Medium",
    "problemTag": ["Array", "Dynamic Programming", "Backtracking"]
  },
  {
    "title": "Interleaving String",
    "problemlink": "https://leetcode.com/problems/interleaving-string/",
    "difficulty": "Medium",
    "problemTag": ["String", "Dynamic Programming"]
  },
  {
    "title": "Stone Game",
    "problemlink": "https://leetcode.com/problems/stone-game/",
    "difficulty": "Medium",
    "problemTag": ["Array", "Math", "Dynamic Programming", "Game Theory"]
  },
  {
    "title": "Minimum Path Sum",
    "problemlink": "https://leetcode.com/problems/minimum-path-sum/",
    "difficulty": "Medium",
    "problemTag": ["Array", "Dynamic Programming", "Matrix"]
  },
  {
    "title": "Longest Increasing Path in a Matrix",
    "problemlink": "https://leetcode.com/problems/longest-increasing-path-in-a-matrix/",
    "difficulty": "Hard",
    "problemTag": [
      "Array",
      "Dynamic Programming",
      "Depth-First Search",
      "Breadth-First Search",
      "Graph",
      "Topological Sort",
      "Memoization",
      "Matrix"
    ]
  },
  {
    "title": "Maximal Square",
    "problemlink": "https://leetcode.com/problems/maximal-square/",
    "difficulty": "Medium",
    "problemTag": ["Array", "Dynamic Programming", "Matrix"]
  },
  {
    "title": "Maximum Alternating Subsequence Sum",
    "problemlink": "https://leetcode.com/problems/maximum-alternating-subsequence-sum/",
    "difficulty": "Medium",
    "problemTag": ["Array", "Dynamic Programming"]
  },
  {
    "title": "Distinct Subsequences",
    "problemlink": "https://leetcode.com/problems/distinct-subsequences/",
    "difficulty": "Hard",
    "problemTag": ["String", "Dynamic Programming"]
  },
  {
    "title": "Edit Distance",
    "problemlink": "https://leetcode.com/problems/edit-distance/",
    "difficulty": "Hard",
    "problemTag": ["String", "Dynamic Programming"]
  },
  {
    "title": "Count Vowels Permutation",
    "problemlink": "https://leetcode.com/problems/count-vowels-permutation/",
    "difficulty": "Hard",
    "problemTag": ["Dynamic Programming"]
  },
  {
    "title": "Burst Balloons",
    "problemlink": "https://leetcode.com/problems/burst-balloons/",
    "difficulty": "Hard",
    "problemTag": ["Array", "Dynamic Programming"]
  },
  {
    "title": "Number of Ways to Rearrange Sticks With K Sticks Visible",
    "problemlink": "https://leetcode.com/problems/number-of-ways-to-rearrange-sticks-with-k-sticks-visible/",
    "difficulty": "Hard",
    "problemTag": ["Math", "Dynamic Programming", "Combinatorics"]
  },
  {
    "title": "Regular Expression Matching",
    "problemlink": "https://leetcode.com/problems/regular-expression-matching/",
    "difficulty": "Hard",
    "problemTag": ["String", "Dynamic Programming", "Recursion"]
  },
  {
    "title": "Maximum Subarray",
    "problemlink": "https://leetcode.com/problems/maximum-subarray/",
    "difficulty": "Medium",
    "problemTag": ["Array", "Divide and Conquer", "Dynamic Programming"]
  },
  {
    "title": "Jump Game",
    "problemlink": "https://leetcode.com/problems/jump-game/",
    "difficulty": "Medium",
    "problemTag": ["Array", "Dynamic Programming", "Greedy"]
  },
  {
    "title": "Jump Game II",
    "problemlink": "https://leetcode.com/problems/jump-game-ii/",
    "difficulty": "Medium",
    "problemTag": ["Array", "Dynamic Programming", "Greedy"]
  },
  {
    "title": "Jump Game VII",
    "problemlink": "https://leetcode.com/problems/jump-game-vii/",
    "difficulty": "Medium",
    "problemTag": ["Two Pointers", "String", "Prefix Sum"]
  },
  {
    "title": "Gas Station",
    "problemlink": "https://leetcode.com/problems/gas-station/",
    "difficulty": "Medium",
    "problemTag": ["Array", "Greedy"]
  },
  {
    "title": "Hand of Straights",
    "problemlink": "https://leetcode.com/problems/hand-of-straights/",
    "difficulty": "Medium",
    "problemTag": ["Array", "Hash Table", "Greedy", "Sorting"]
  },
  {
    "title": "Maximum Points You Can Obtain from Cards",
    "problemlink": "https://leetcode.com/problems/maximum-points-you-can-obtain-from-cards/",
    "difficulty": "Medium",
    "problemTag": ["Array", "Sliding Window", "Prefix Sum"]
  },
  {
    "title": "Merge Triplets to Form Target Triplet",
    "problemlink": "https://leetcode.com/problems/merge-triplets-to-form-target-triplet/",
    "difficulty": "Medium",
    "problemTag": ["Array", "Greedy"]
  },
  {
    "title": "Partition Labels",
    "problemlink": "https://leetcode.com/problems/partition-labels/",
    "difficulty": "Medium",
    "problemTag": ["Hash Table", "Two Pointers", "String", "Greedy"]
  },
  {
    "title": "Valid Parenthesis String",
    "problemlink": "https://leetcode.com/problems/valid-parenthesis-string/",
    "difficulty": "Medium",
    "problemTag": ["String", "Dynamic Programming", "Stack", "Greedy"]
  },
  {
    "title": "Eliminate Maximum Number of Monsters",
    "problemlink": "https://leetcode.com/problems/eliminate-maximum-number-of-monsters/",
    "difficulty": "Medium",
    "problemTag": ["Array", "Greedy", "Sorting"]
  },
  {
    "title": "Two City Scheduling",
    "problemlink": "https://leetcode.com/problems/two-city-scheduling/",
    "difficulty": "Medium",
    "problemTag": ["Array", "Greedy", "Sorting"]
  },
  {
    "title": "Insert Interval",
    "problemlink": "https://leetcode.com/problems/insert-interval/",
    "difficulty": "Medium",
    "problemTag": ["Array"]
  },
  {
    "title": "Merge Intervals",
    "problemlink": "https://leetcode.com/problems/merge-intervals/",
    "difficulty": "Medium",
    "problemTag": ["Array", "Sorting"]
  },
  {
    "title": "Non-overlapping Intervals",
    "problemlink": "https://leetcode.com/problems/non-overlapping-intervals/",
    "difficulty": "Medium",
    "problemTag": ["Array", "Dynamic Programming", "Greedy", "Sorting"]
  },
  {
    "title": "Meeting Rooms",
    "problemlink": "https://leetcode.com/problems/meeting-rooms/",
    "difficulty": "Easy",
    "problemTag": ["Array", "Sorting"]
  },
  {
    "title": "Meeting Rooms II",
    "problemlink": "https://leetcode.com/problems/meeting-rooms-ii/",
    "difficulty": "Medium",
    "problemTag": [
      "Array",
      "Two Pointers",
      "Greedy",
      "Sorting",
      "Heap (Priority Queue)",
      "Prefix Sum"
    ]
  },
  {
    "title": "Remove Covered Intervals",
    "problemlink": "https://leetcode.com/problems/remove-covered-intervals/",
    "difficulty": "Medium",
    "problemTag": ["Array", "Sorting"]
  },
  {
    "title": "Minimum Interval to Include Each Query",
    "problemlink": "https://leetcode.com/problems/minimum-interval-to-include-each-query/",
    "difficulty": "Hard",
    "problemTag": [
      "Array",
      "Binary Search",
      "Line Sweep",
      "Sorting",
      "Heap (Priority Queue)"
    ]
  },
  {
    "title": "Rotate Image",
    "problemlink": "https://leetcode.com/problems/rotate-image/",
    "difficulty": "Medium",
    "problemTag": ["Array", "Math", "Matrix"]
  },
  {
    "title": "Spiral Matrix",
    "problemlink": "https://leetcode.com/problems/spiral-matrix/",
    "difficulty": "Medium",
    "problemTag": ["Array", "Matrix", "Simulation"]
  },
  {
    "title": "Set Matrix Zeroes",
    "problemlink": "https://leetcode.com/problems/set-matrix-zeroes/",
    "difficulty": "Medium",
    "problemTag": ["Array", "Hash Table", "Matrix"]
  },
  {
    "title": "Happy Number",
    "problemlink": "https://leetcode.com/problems/happy-number/",
    "difficulty": "Easy",
    "problemTag": ["Hash Table", "Math", "Two Pointers"]
  },
  {
    "title": "Plus One",
    "problemlink": "https://leetcode.com/problems/plus-one/",
    "difficulty": "Easy",
    "problemTag": ["Array", "Math"]
  },
  {
    "title": "Palindrome Number",
    "problemlink": "https://leetcode.com/problems/palindrome-number/",
    "difficulty": "Easy",
    "problemTag": ["Math"]
  },
  {
    "title": "Ugly Number",
    "problemlink": "https://leetcode.com/problems/ugly-number/",
    "difficulty": "Easy",
    "problemTag": ["Math"]
  },
  {
    "title": "Shift 2D Grid",
    "problemlink": "https://leetcode.com/problems/shift-2d-grid/",
    "difficulty": "Easy",
    "problemTag": ["Array", "Matrix", "Simulation"]
  },
  {
    "title": "Roman to Integer",
    "problemlink": "https://leetcode.com/problems/roman-to-integer/",
    "difficulty": "Easy",
    "problemTag": ["Hash Table", "Math", "String"]
  },
  {
    "title": "Integer to Roman",
    "problemlink": "https://leetcode.com/problems/integer-to-roman/",
    "difficulty": "Medium",
    "problemTag": ["Hash Table", "Math", "String"]
  },
  {
    "title": "Pow(x, n)",
    "problemlink": "https://leetcode.com/problems/powx-n/",
    "difficulty": "Medium",
    "problemTag": ["Math", "Recursion"]
  },
  {
    "title": "Multiply Strings",
    "problemlink": "https://leetcode.com/problems/multiply-strings/",
    "difficulty": "Medium",
    "problemTag": ["Math", "String", "Simulation"]
  },
  {
    "title": "Detect Squares",
    "problemlink": "https://leetcode.com/problems/detect-squares/",
    "difficulty": "Medium",
    "problemTag": ["Array", "Hash Table", "Design", "Counting"]
  },
  {
    "title": "Robot Bounded In Circle",
    "problemlink": "https://leetcode.com/problems/robot-bounded-in-circle/",
    "difficulty": "Medium",
    "problemTag": ["Math", "String", "Simulation"]
  },
  {
    "title": "Zigzag Conversion",
    "problemlink": "https://leetcode.com/problems/zigzag-conversion/",
    "difficulty": "Medium",
    "problemTag": ["String"]
  },
  {
    "title": "Find Missing Observations",
    "problemlink": "https://leetcode.com/problems/find-missing-observations/",
    "difficulty": "Medium",
    "problemTag": ["Array", "Math", "Simulation"]
  },
  {
    "title": "Single Number",
    "problemlink": "https://leetcode.com/problems/single-number/",
    "difficulty": "Easy",
    "problemTag": ["Array", "Bit Manipulation"]
  },
  {
    "title": "Number of 1 Bits",
    "problemlink": "https://leetcode.com/problems/number-of-1-bits/",
    "difficulty": "Easy",
    "problemTag": ["Divide and Conquer", "Bit Manipulation"]
  },
  {
    "title": "Counting Bits",
    "problemlink": "https://leetcode.com/problems/counting-bits/",
    "difficulty": "Easy",
    "problemTag": ["Dynamic Programming", "Bit Manipulation"]
  },
  {
    "title": "Reverse Bits",
    "problemlink": "https://leetcode.com/problems/reverse-bits/",
    "difficulty": "Easy",
    "problemTag": ["Divide and Conquer", "Bit Manipulation"]
  },
  {
    "title": "Missing Number",
    "problemlink": "https://leetcode.com/problems/missing-number/",
    "difficulty": "Easy",
    "problemTag": [
      "Array",
      "Hash Table",
      "Math",
      "Binary Search",
      "Bit Manipulation",
      "Sorting"
    ]
  },
  {
    "title": "Sum of Two Integers",
    "problemlink": "https://leetcode.com/problems/sum-of-two-integers/",
    "difficulty": "Medium",
    "problemTag": ["Math", "Bit Manipulation"]
  },
  {
    "title": "Reverse Integer",
    "problemlink": "https://leetcode.com/problems/reverse-integer/",
    "difficulty": "Medium",
    "problemTag": ["Math"]
  },
  {
    "title": "Add Binary",
    "problemlink": "https://leetcode.com/problems/add-binary/",
    "difficulty": "Easy",
    "problemTag": ["Math", "String", "Bit Manipulation", "Simulation"]
  }
]
