[
  {
    "contest_name": "January Long 2022 (Rated for Divs 3 & 4)",
    "link": "https://www.codechef.com/JAN231",
    "time": "14 Jan 2023 Sat 20:00",
    "duration": 2580
  },
  {
    "contest_name": "Starters 74 (Rated till 6 Stars)",
    "link": "https://www.codechef.com/START74",
    "time": "18 Jan 2023 Wed 20:00",
    "duration": 180
  },
  {
    "contest_name": "Starters 75",
    "link": "https://www.codechef.com/START75",
    "time": "25 Jan 2023 Wed 20:00",
    "duration": 180
  }
]
