[
  {
    "contest_name": "Codeforces Round #844 (Div. 1 + Div. 2, based on VK Cup 2022 - Elimination Round)",
    "link": "https://codeforces.com/contests",
    "time": "Jan/15/2023 17:35",
    "duration": 180
  },
  {
    "contest_name": "Codeforces Round (Div. 2)",
    "link": "https://codeforces.com/contests",
    "time": "Jan/21/2023 20:05",
    "duration": 120
  },
  {
    "contest_name": "Codeforces Round (Div. 2)",
    "link": "https://codeforces.com/contests",
    "time": "Jan/25/2023 20:05",
    "duration": 120
  },
  {
    "contest_name": "TypeDB Forces 2023 (Div. 1 + Div. 2, Rated, Prizes!)",
    "link": "https://codeforces.com/contests",
    "time": "Jan/29/2023 20:05",
    "duration": 180
  },
  {
    "contest_name": "Codeforces Round (Div. 2)",
    "link": "https://codeforces.com/contests",
    "time": "Feb/01/2023 20:05",
    "duration": 120
  },
  {
    "contest_name": "Codeforces Round (Div. 1, based on VK Cup 2022 - Final Round)",
    "link": "https://codeforces.com/contests",
    "time": "Feb/05/2023 17:35",
    "duration": 180
  },
  {
    "contest_name": "Codeforces Round (Div. 2, based on VK Cup 2022 - Final Round)",
    "link": "https://codeforces.com/contests",
    "time": "Feb/05/2023 17:35",
    "duration": 180
  },
  {
    "contest_name": "Codeforces Round (Div. 2)",
    "link": "https://codeforces.com/contests",
    "time": "Feb/09/2023 20:05",
    "duration": 120
  },
  {
    "contest_name": "SWERC 2022-2023 - Online Mirror (Unrated, ICPC Rules, Teams Preferred)",
    "link": "https://codeforces.com/contests",
    "time": "Feb/19/2023 16:35",
    "duration": 300
  },
  {
    "contest_name": "Codeforces Round (Div. 2)",
    "link": "https://codeforces.com/contests",
    "time": "Feb/26/2023 00:05",
    "duration": 120
  }
]
