[
  {
    "title": "Set Matrix Zeroes",
    "problemlink": "https://leetcode.com/problems/set-matrix-zeroes/",
    "day": "Day 1",
    "difficulty": "Medium",
    "problemTag": ["Array", "Hash Table", "Matrix"]
  },
  {
    "title": "Pascal's Triangle",
    "problemlink": "https://leetcode.com/problems/pascals-triangle/",
    "day": "Day 1",
    "difficulty": "Easy",
    "problemTag": ["Array", "Dynamic Programming"]
  },
  {
    "title": "Next Permutation",
    "problemlink": "https://leetcode.com/problems/next-permutation/",
    "day": "Day 1",
    "difficulty": "Medium",
    "problemTag": ["Array", "Two Pointers"]
  },
  {
    "title": "Maximum Subarray",
    "problemlink": "https://leetcode.com/problems/maximum-subarray/",
    "day": "Day 1",
    "difficulty": "Medium",
    "problemTag": ["Array", "Divide and Conquer", "Dynamic Programming"]
  },
  {
    "title": "Sort Colors",
    "problemlink": "https://leetcode.com/problems/sort-colors/",
    "day": "Day 1",
    "difficulty": "Medium",
    "problemTag": ["Array", "Two Pointers", "Sorting"]
  },
  {
    "title": "Best Time to Buy and Sell Stock",
    "problemlink": "https://leetcode.com/problems/best-time-to-buy-and-sell-stock/",
    "day": "Day 1",
    "difficulty": "Easy",
    "problemTag": ["Array", "Dynamic Programming"]
  },
  {
    "title": "Rotate Image",
    "problemlink": "https://leetcode.com/problems/rotate-image/",
    "day": "Day 2",
    "difficulty": "Medium",
    "problemTag": ["Array", "Math", "Matrix"]
  },
  {
    "title": "Merge Intervals",
    "problemlink": "https://leetcode.com/problems/merge-intervals/",
    "day": "Day 2",
    "difficulty": "Medium",
    "problemTag": ["Array", "Sorting"]
  },
  {
    "title": "Merge Sorted Array",
    "problemlink": "https://leetcode.com/problems/merge-sorted-array/",
    "day": "Day 2",
    "difficulty": "Easy",
    "problemTag": ["Array", "Two Pointers", "Sorting"]
  },
  {
    "title": "Find the Duplicate Number",
    "problemlink": "https://leetcode.com/problems/find-the-duplicate-number/",
    "day": "Day 2",
    "difficulty": "Medium",
    "problemTag": ["Array", "Two Pointers", "Binary Search", "Bit Manipulation"]
  },
  {
    "title": "Repeat and Missing Number Array",
    "problemlink": "https://www.interviewbit.com/problems/repeat-and-missing-number-array/",
    "day": "Day 2",
    "difficulty": "Medium",
    "problemTag": ["Array"],
    "companyTag": ["Amazon"]
  },
  {
    "title": "Count Inversions",
    "problemlink": "https://www.codingninjas.com/codestudio/problems/count-inversions_615",
    "day": "Day 2",
    "difficulty": "Medium",
    "problemTag": ["Array", "Sorting"]
  },
  {
    "title": "Search a 2D Matrix",
    "problemlink": "https://leetcode.com/problems/search-a-2d-matrix/",
    "day": "Day 3",
    "difficulty": "Medium",
    "problemTag": ["Array", "Binary Search", "Matrix"]
  },
  {
    "title": "Pow(x, n)",
    "problemlink": "https://leetcode.com/problems/powx-n/",
    "day": "Day 3",
    "difficulty": "Medium",
    "problemTag": ["Math", "Recursion"]
  },
  {
    "title": "Majority Element",
    "problemlink": "https://leetcode.com/problems/majority-element/",
    "day": "Day 3",
    "difficulty": "Easy",
    "problemTag": [
      "Array",
      "Hash Table",
      "Divide and Conquer",
      "Sorting",
      "Counting"
    ]
  },
  {
    "title": "Majority Element II",
    "problemlink": "https://leetcode.com/problems/majority-element-ii/",
    "day": "Day 3",
    "difficulty": "Medium",
    "problemTag": ["Array", "Hash Table", "Sorting", "Counting"]
  },
  {
    "title": "Unique Paths",
    "problemlink": "https://leetcode.com/problems/unique-paths/",
    "day": "Day 3",
    "difficulty": "Medium",
    "problemTag": ["Math", "Dynamic Programming", "Combinatorics"]
  },
  {
    "title": "Reverse Pairs",
    "problemlink": "https://leetcode.com/problems/reverse-pairs/",
    "day": "Day 3",
    "difficulty": "Hard",
    "problemTag": [
      "Array",
      "Binary Search",
      "Divide and Conquer",
      "Binary Indexed Tree",
      "Segment Tree",
      "Merge Sort",
      "Ordered Set"
    ]
  },
  {
    "title": "Two Sum",
    "problemlink": "https://leetcode.com/problems/two-sum/",
    "day": "Day 4",
    "difficulty": "Easy",
    "problemTag": ["Array", "Hash Table"]
  },
  {
    "title": "4Sum",
    "problemlink": "https://leetcode.com/problems/4sum/",
    "day": "Day 4",
    "difficulty": "Medium",
    "problemTag": ["Array", "Two Pointers", "Sorting"]
  },
  {
    "title": "Longest Consecutive Sequence",
    "problemlink": "https://leetcode.com/problems/longest-consecutive-sequence/",
    "day": "Day 4",
    "difficulty": "Medium",
    "problemTag": ["Array", "Hash Table", "Union Find"]
  },
  {
    "title": "Largest subarray with 0 sum",
    "problemlink": "https://practice.geeksforgeeks.org/problems/largest-subarray-with-0-sum/1",
    "day": "Day 4",
    "difficulty": "Easy",
    "problemTag": ["Arrays", "Hash", "Data Structure"],
    "companyTag": ["Amazon", "MakeMyTrip", "Microsoft"]
  },
  {
    "title": "Subarray with given XOR",
    "problemlink": "https://www.interviewbit.com/problems/subarray-with-given-xor/",
    "day": "Day 4",
    "difficulty": "Medium",
    "problemTag": ["Hashing"],
    "companyTag": ["Dunzo"]
  },
  {
    "title": "Longest Substring Without Repeating Characters",
    "problemlink": "https://leetcode.com/problems/longest-substring-without-repeating-characters/",
    "day": "Day 4",
    "difficulty": "Medium",
    "problemTag": ["Hash Table", "String", "Sliding Window"]
  },
  {
    "title": "Reverse Linked List",
    "problemlink": "https://leetcode.com/problems/reverse-linked-list/",
    "day": "Day 5",
    "difficulty": "Easy",
    "problemTag": ["Linked List", "Recursion"]
  },
  {
    "title": "Middle of the Linked List",
    "problemlink": "https://leetcode.com/problems/middle-of-the-linked-list/",
    "day": "Day 5",
    "difficulty": "Easy",
    "problemTag": ["Linked List", "Two Pointers"]
  },
  {
    "title": "Merge Two Sorted Lists",
    "problemlink": "https://leetcode.com/problems/merge-two-sorted-lists/",
    "day": "Day 5",
    "difficulty": "Easy",
    "problemTag": ["Linked List", "Recursion"]
  },
  {
    "title": "Remove Nth Node From End of List",
    "problemlink": "https://leetcode.com/problems/remove-nth-node-from-end-of-list/",
    "day": "Day 5",
    "difficulty": "Medium",
    "problemTag": ["Linked List", "Two Pointers"]
  },
  {
    "title": "Add Two Numbers",
    "problemlink": "https://leetcode.com/problems/add-two-numbers/",
    "day": "Day 5",
    "difficulty": "Medium",
    "problemTag": ["Linked List", "Math", "Recursion"]
  },
  {
    "title": "Delete Node in a Linked List",
    "problemlink": "https://leetcode.com/problems/delete-node-in-a-linked-list/",
    "day": "Day 5",
    "difficulty": "Medium",
    "problemTag": ["Linked List"]
  },
  {
    "title": "Intersection of Two Linked Lists",
    "problemlink": "https://leetcode.com/problems/intersection-of-two-linked-lists/",
    "day": "Day 6",
    "difficulty": "Easy",
    "problemTag": ["Hash Table", "Linked List", "Two Pointers"]
  },
  {
    "title": "Linked List Cycle",
    "problemlink": "https://leetcode.com/problems/linked-list-cycle/",
    "day": "Day 6",
    "difficulty": "Easy",
    "problemTag": ["Hash Table", "Linked List", "Two Pointers"]
  },
  {
    "title": "Reverse Nodes in k-Group",
    "problemlink": "https://leetcode.com/problems/reverse-nodes-in-k-group/",
    "day": "Day 6",
    "difficulty": "Hard",
    "problemTag": ["Linked List", "Recursion"]
  },
  {
    "title": "Palindrome Linked List",
    "problemlink": "https://leetcode.com/problems/palindrome-linked-list/",
    "day": "Day 6",
    "difficulty": "Easy",
    "problemTag": ["Linked List", "Two Pointers", "Stack", "Recursion"]
  },
  {
    "title": "Linked List Cycle II",
    "problemlink": "https://leetcode.com/problems/linked-list-cycle-ii/",
    "day": "Day 6",
    "difficulty": "Medium",
    "problemTag": ["Hash Table", "Linked List", "Two Pointers"]
  },
  {
    "title": "Flattening a Linked List",
    "problemlink": "https://practice.geeksforgeeks.org/problems/flattening-a-linked-list/1",
    "day": "Day 6",
    "difficulty": "Medium",
    "problemTag": ["Linked List", "Data Structure"],
    "companyTag": [
      "24*7 Innovation Labs",
      "Amazon",
      "Drishti-Soft",
      "Flipkart",
      "Goldman Sachs",
      "Microsoft",
      "Paytm",
      "Payu",
      "Qualcomm",
      "Snapdeal",
      "Visa"
    ]
  },
  {
    "title": "Rotate List",
    "problemlink": "https://leetcode.com/problems/rotate-list/description/",
    "day": "Day 7",
    "difficulty": "Medium",
    "problemTag": ["Linked List", "Two Pointers"]
  },
  {
    "title": "Copy List with Random Pointer",
    "problemlink": "https://leetcode.com/problems/copy-list-with-random-pointer/",
    "day": "Day 7",
    "difficulty": "Medium",
    "problemTag": ["Hash Table", "Linked List"]
  },
  {
    "title": "3Sum",
    "problemlink": "https://leetcode.com/problems/3sum/",
    "day": "Day 7",
    "difficulty": "Medium",
    "problemTag": ["Array", "Two Pointers", "Sorting"]
  },
  {
    "title": "Trapping Rain Water",
    "problemlink": "https://leetcode.com/problems/trapping-rain-water/",
    "day": "Day 7",
    "difficulty": "Hard",
    "problemTag": [
      "Array",
      "Two Pointers",
      "Dynamic Programming",
      "Stack",
      "Monotonic Stack"
    ]
  },
  {
    "title": "Remove Duplicates from Sorted Array",
    "problemlink": "https://leetcode.com/problems/remove-duplicates-from-sorted-array/",
    "day": "Day 7",
    "difficulty": "Easy",
    "problemTag": ["Array", "Two Pointers"]
  },
  {
    "title": "Max Consecutive Ones",
    "problemlink": "https://leetcode.com/problems/max-consecutive-ones/",
    "day": "Day 7",
    "difficulty": "Easy",
    "problemTag": ["Array"]
  },
  {
    "title": "N meetings in one room",
    "problemlink": "https://practice.geeksforgeeks.org/problems/n-meetings-in-one-room-1587115620/1",
    "day": "Day 8",
    "difficulty": "Easy",
    "problemTag": ["Geedy", "Algorithms"],
    "companyTag": ["Amazon", "Flipkart", "MakeMyTrip", "Microsoft"]
  },
  {
    "title": "Minimum Platforms",
    "problemlink": "https://practice.geeksforgeeks.org/problems/minimum-platforms-1587115620/1#",
    "day": "Day 8",
    "difficulty": "Medium",
    "problemTag": [
      "Arrays",
      "Greedy",
      "Sorting",
      "Binary Search",
      "Data Structures",
      "Algorithms"
    ],
    "companyTag": [
      "Amazon",
      "Boomerang Commerce",
      "D-E-Shaw",
      "Hike",
      "Paytm",
      "Walmart",
      "Zillious",
      "Microsoft",
      "Google",
      "Adobe",
      "Atlassian"
    ]
  },
  {
    "title": "Job Sequencing Problem",
    "problemlink": "https://practice.geeksforgeeks.org/problems/job-sequencing-problem-1587115620/1#",
    "day": "Day 8",
    "difficulty": "Medium",
    "problemTag": ["Greedy", "Dynamic Programming", "Algorithms"],
    "companyTag": ["Accolite", "Microsoft", "Flipkart"]
  },
  {
    "title": "Fractional Knapsack",
    "problemlink": "https://practice.geeksforgeeks.org/problems/fractional-knapsack-1587115620/1",
    "day": "Day 8",
    "difficulty": "Medium",
    "problemTag": ["Greedy", "Algorithms"],
    "companyTag": ["Microsoft"]
  },
  {
    "title": "Number of Coins",
    "problemlink": "https://practice.geeksforgeeks.org/problems/number-of-coins1824/1",
    "day": "Day 8",
    "difficulty": "Medium",
    "problemTag": ["Dynamic Programming", "Algorithms"],
    "companyTag": [
      "Accolite",
      "Amazon",
      "Morgan Stanley",
      "Oracle",
      "Paytm",
      "Samsung",
      "Snapdeal",
      "Synopsys",
      "Visa",
      "Microsoft",
      "Google"
    ]
  },
  {
    "title": "N meetings in one room",
    "problemlink": "https://practice.geeksforgeeks.org/problems/n-meetings-in-one-room-1587115620/1",
    "day": "Day 8",
    "difficulty": "Medium",
    "problemTag": ["Greedy", "Algorithms"],
    "companyTag": ["Amazon", "Flipkart", "MakeMyTrip", "Microsoft"]
  },
  {
    "title": "Subset Sums",
    "problemlink": "https://practice.geeksforgeeks.org/problems/subset-sums2234/1",
    "day": "Day 9",
    "difficulty": "Basic",
    "problemTag": ["Recursion", "Algorithms"],
    "companyTag": []
  },
  {
    "title": "Subsets II",
    "problemlink": "https://leetcode.com/problems/subsets-ii/",
    "day": "Day 9",
    "difficulty": "Medium",
    "problemTag": ["Array", "Backtracking", "Bit Manipulation"]
  },
  {
    "title": "Combination Sum",
    "problemlink": "https://leetcode.com/problems/combination-sum/",
    "day": "Day 9",
    "difficulty": "Medium",
    "problemTag": ["Array", "Backtracking"]
  },
  {
    "title": "Combination Sum II",
    "problemlink": "https://leetcode.com/problems/combination-sum-ii/",
    "day": "Day 9",
    "difficulty": "Medium",
    "problemTag": ["Array", "Backtracking"]
  },
  {
    "title": "Palindrome Partitioning",
    "problemlink": "https://leetcode.com/problems/palindrome-partitioning/",
    "day": "Day 9",
    "difficulty": "Medium",
    "problemTag": ["String", "Dynamic Programming", "Backtracking"]
  },
  {
    "title": "Permutation Sequence",
    "problemlink": "https://leetcode.com/problems/permutation-sequence/",
    "day": "Day 9",
    "difficulty": "Hard",
    "problemTag": ["Math", "Recursion"]
  },
  {
    "title": "Permutations",
    "problemlink": "https://leetcode.com/problems/permutations/",
    "day": "Day 10",
    "difficulty": "Medium",
    "problemTag": ["Array", "Backtracking"]
  },
  {
    "title": "N-Queens",
    "problemlink": "https://leetcode.com/problems/n-queens/",
    "day": "Day 10",
    "difficulty": "Hard",
    "problemTag": ["Array", "Backtracking"]
  },
  {
    "title": "Sudoku Solver",
    "problemlink": "https://leetcode.com/problems/sudoku-solver/",
    "day": "Day 10",
    "difficulty": "Hard",
    "problemTag": ["Array", "Backtracking", "Matrix"]
  },
  {
    "title": "M-Coloring Problem",
    "problemlink": "https://practice.geeksforgeeks.org/problems/m-coloring-problem-1587115620/1#",
    "day": "Day 10",
    "difficulty": "Medium",
    "problemTag": ["Backtracking", "Algorithms"],
    "companyTag": ["Amazon"]
  },
  {
    "title": "Rat in a Maze Problem - I",
    "problemlink": "https://practice.geeksforgeeks.org/problems/rat-in-a-maze-problem/1",
    "day": "Day 10",
    "difficulty": "Medium",
    "problemTag": ["Backtracking", "Algorithms"],
    "companyTag": ["Amazon", "Microsoft"]
  },
  {
    "title": "Word Break II",
    "problemlink": "https://www.codingninjas.com/codestudio/problems/983635",
    "day": "Day 10",
    "difficulty": "Hard",
    "problemTag": ["String"],
    "companyTag": []
  },
  {
    "title": "Nth Root Of M",
    "problemlink": "https://www.codingninjas.com/codestudio/problems/1062679?topList=striver-sde-sheet-problems&utm_source=striver&utm_medium=website",
    "day": "Day 11",
    "difficulty": "Easy",
    "problemTag": ["Binary Search"],
    "companyTag": []
  },
  {
    "title": "Matrix Median",
    "problemlink": "https://www.interviewbit.com/problems/matrix-median/",
    "day": "Day 11",
    "difficulty": "Medium",
    "problemTag": ["Binary Search"],
    "companyTag": ["Amazon"]
  },
  {
    "title": "Single Element in a Sorted Array",
    "problemlink": "https://leetcode.com/problems/single-element-in-a-sorted-array/",
    "day": "Day 11",
    "difficulty": "Medium",
    "problemTag": ["Array", "Binary Search"]
  },
  {
    "title": "Search in Rotated Sorted Array",
    "problemlink": "https://leetcode.com/problems/search-in-rotated-sorted-array/",
    "day": "Day 11",
    "difficulty": "Medium",
    "problemTag": ["Array", "Binary Search"]
  },
  {
    "title": "Median of Two Sorted Arrays",
    "problemlink": "https://leetcode.com/problems/median-of-two-sorted-arrays/",
    "day": "Day 11",
    "difficulty": "Hard",
    "problemTag": ["Array", "Binary Search", "Divide and Conquer"]
  },
  {
    "title": "K-th element of two sorted Arrays",
    "problemlink": "https://practice.geeksforgeeks.org/problems/k-th-element-of-two-sorted-array1317/1",
    "day": "Day 11",
    "difficulty": "Medium",
    "problemTag": [
      "Arrays",
      "Divide and Conquer",
      "Data Structures",
      "Algorithms"
    ],
    "companyTag": ["Flipkart", "Microsoft"]
  },
  {
    "title": "Allocate Books",
    "problemlink": "https://www.interviewbit.com/problems/allocate-books/",
    "day": "Day 11",
    "difficulty": "Medium",
    "problemTag": ["Binary Search"],
    "companyTag": ["Google", "Flipkart"]
  },
  {
    "title": "AGGRCOW - Aggressive cows",
    "problemlink": "https://www.spoj.com/problems/AGGRCOW/",
    "day": "Day 11",
    "difficulty": "Medium",
    "problemTag": ["Binary Search"],
    "companyTag": []
  },
  {
    "title": "Min Heap",
    "problemlink": "https://www.codingninjas.com/codestudio/problems/min-heap_4691801?topList=striver-sde-sheet-problems&utm_source=striver&utm_medium=website",
    "day": "Day 12",
    "difficulty": "Medium",
    "problemTag": ["Trees", "Arrays", "Heap"],
    "companyTag": []
  },
  {
    "title": "Kth Largest Element in an Array",
    "problemlink": "https://leetcode.com/problems/kth-largest-element-in-an-array/",
    "day": "Day 12",
    "difficulty": "Medium",
    "problemTag": [
      "Array",
      "Divide and Conquer",
      "Sorting",
      "Heap (Priority Queue)",
      "Quickselect"
    ]
  },
  {
    "title": "Maximum Sum Combinations",
    "problemlink": "https://www.interviewbit.com/problems/maximum-sum-combinations/",
    "day": "Day 12",
    "difficulty": "Medium",
    "problemTag": ["Heaps And Maps"],
    "companyTag": ["Amazon", "Liv.Ai"]
  },
  {
    "title": "Find Median from Data Stream",
    "problemlink": "https://leetcode.com/problems/find-median-from-data-stream/",
    "day": "Day 12",
    "difficulty": "Hard",
    "problemTag": [
      "Two Pointers",
      "Design",
      "Sorting",
      "Heap (Priority Queue)",
      "Data Stream"
    ]
  },
  {
    "title": "Merge K Sorted Arrays",
    "problemlink": "https://www.codingninjas.com/codestudio/problems/merge-k-sorted-arrays_975379",
    "day": "Day 12",
    "difficulty": "Medium",
    "problemTag": ["Sorting", "Arrays", "Heap"],
    "companyTag": []
  },
  {
    "title": "Top K Frequent Elements",
    "problemlink": "https://leetcode.com/problems/top-k-frequent-elements/",
    "day": "Day 12",
    "difficulty": "Medium",
    "problemTag": [
      "Array",
      "Hash Table",
      "Divide and Conquer",
      "Sorting",
      "Heap (Priority Queue)",
      "Bucket Sort",
      "Counting",
      "Quickselect"
    ]
  },
  {
    "title": "Stack Implementation Using Array",
    "problemlink": "https://www.codingninjas.com/codestudio/problems/stack-implementation-using-array_3210209",
    "day": "Day 13",
    "difficulty": "Easy",
    "problemTag": ["Stacks & Queues"],
    "companyTag": []
  },
  {
    "title": "Implement a Queue",
    "problemlink": "https://www.codingninjas.com/codestudio/problems/2099908?topList=striver-sde-sheet-problems&utm_source=striver&utm_medium=website",
    "day": "Day 13",
    "difficulty": "Easy",
    "problemTag": ["Linked List", "Stacks & Queues", "Arrays"],
    "companyTag": []
  },
  {
    "title": "Implement Stack using Queues",
    "problemlink": "https://leetcode.com/problems/implement-stack-using-queues/",
    "day": "Day 13",
    "difficulty": "Easy",
    "problemTag": ["Stack", "Design", "Queue"]
  },
  {
    "title": "Implement Queue using Stacks",
    "problemlink": "https://leetcode.com/problems/implement-queue-using-stacks/",
    "day": "Day 13",
    "difficulty": "Easy",
    "problemTag": ["Stack", "Design", "Queue"]
  },
  {
    "title": "Valid Parentheses",
    "problemlink": "https://leetcode.com/problems/valid-parentheses/",
    "day": "Day 13",
    "difficulty": "Easy",
    "problemTag": ["String", "Stack"]
  },
  {
    "title": "Next Greater Element II",
    "problemlink": "https://leetcode.com/problems/next-greater-element-ii/description/",
    "day": "Day 13",
    "difficulty": "Medium",
    "problemTag": ["Array", "Stack", "Monotonic Stack"]
  },
  {
    "title": "Sort a Stack",
    "problemlink": "https://www.codingninjas.com/codestudio/problems/sort-a-stack_985275?topList=striver-sde-sheet-problems&utm_source=striver&utm_medium=website",
    "day": "Day 13",
    "difficulty": "Easy",
    "problemTag": ["Stacks & Queues"],
    "companyTag": []
  },
  {
    "title": "Nearest Smaller Element",
    "problemlink": "https://www.interviewbit.com/problems/nearest-smaller-element/",
    "day": "Day 14",
    "difficulty": "Easy",
    "problemTag": ["Stacks And Queues"],
    "companyTag": ["Amazon", "Microsoft"]
  },
  {
    "title": "LRU Cache",
    "problemlink": "https://leetcode.com/problems/lru-cache/",
    "day": "Day 14",
    "difficulty": "Medium",
    "problemTag": ["Hash Table", "Linked List", "Design", "Doubly-Linked List"]
  },
  {
    "title": "LFU Cache",
    "problemlink": "https://leetcode.com/problems/lfu-cache/",
    "day": "Day 14",
    "difficulty": "Hard",
    "problemTag": ["Hash Table", "Linked List", "Design", "Doubly-Linked List"]
  },
  {
    "title": "Largest Rectangle in Histogram",
    "problemlink": "https://leetcode.com/problems/largest-rectangle-in-histogram/",
    "day": "Day 14",
    "difficulty": "Hard",
    "problemTag": ["Array", "Stack", "Monotonic Stack"]
  },
  {
    "title": "Sliding Window Maximum",
    "problemlink": "https://leetcode.com/problems/sliding-window-maximum/",
    "day": "Day 14",
    "difficulty": "Hard",
    "problemTag": [
      "Array",
      "Queue",
      "Sliding Window",
      "Heap (Priority Queue)",
      "Monotonic Queue"
    ]
  },
  {
    "title": "Min Stack",
    "problemlink": "https://leetcode.com/problems/min-stack/",
    "day": "Day 14",
    "difficulty": "Medium",
    "problemTag": ["Stack", "Design"]
  },
  {
    "title": "Rotting Oranges",
    "problemlink": "https://leetcode.com/problems/rotting-oranges/",
    "day": "Day 14",
    "difficulty": "Medium",
    "problemTag": ["Array", "Breadth-First Search", "Matrix"]
  },
  {
    "title": "Online Stock Span",
    "problemlink": "https://leetcode.com/problems/online-stock-span/",
    "day": "Day 14",
    "difficulty": "Medium",
    "problemTag": ["Stack", "Design", "Monotonic Stack", "Data Stream"]
  },
  {
    "title": "Maximum of minimum for every window size",
    "problemlink": "https://www.codingninjas.com/codestudio/problems/max-of-min_982935?topList=striver-sde-sheet-problems&utm_source=striver&utm_medium=website",
    "day": "Day 14",
    "difficulty": "Hard",
    "problemTag": ["Arrays"],
    "companyTag": []
  },
  {
    "title": "The Celebrity Problem",
    "problemlink": "https://www.codingninjas.com/codestudio/problems/the-celebrity-problem_982769?topList=striver-sde-sheet-problems&utm_source=striver&utm_medium=website",
    "day": "Day 14",
    "difficulty": "Medium",
    "problemTag": ["Stacks & Queues", "Graph"],
    "companyTag": []
  },
  {
    "title": "Reverse Words in a String",
    "problemlink": "https://leetcode.com/problems/reverse-words-in-a-string/",
    "day": "Day 15",
    "difficulty": "Medium",
    "problemTag": ["Two Pointers", "String"]
  },
  {
    "title": "Longest Palindromic Substring",
    "problemlink": "https://leetcode.com/problems/longest-palindromic-substring/",
    "day": "Day 15",
    "difficulty": "Medium",
    "problemTag": ["String", "Dynamic Programming"]
  },
  {
    "title": "Roman to Integer",
    "problemlink": "https://leetcode.com/problems/roman-to-integer/",
    "day": "Day 15",
    "difficulty": "Easy",
    "problemTag": ["Hash Table", "Math", "String"]
  },
  {
    "title": "String to Integer (atoi)",
    "problemlink": "https://leetcode.com/problems/string-to-integer-atoi/",
    "day": "Day 15",
    "difficulty": "Medium",
    "problemTag": ["String"]
  },
  {
    "title": "Longest Common Prefix",
    "problemlink": "https://leetcode.com/problems/longest-common-prefix/",
    "day": "Day 15",
    "difficulty": "Easy",
    "problemTag": ["String"]
  },
  {
    "title": "Repeated String Match",
    "problemlink": "https://leetcode.com/problems/repeated-string-match/discuss/416144/Rabin-Karp-algorithm-C%2B%2B-implementation",
    "day": "Day 15",
    "difficulty": "Medium",
    "problemTag": ["String", "String Matching"]
  },
  {
    "title": "Find the Index of the First Occurrence in a String",
    "problemlink": "https://leetcode.com/problems/implement-strstr/",
    "day": "Day 16",
    "difficulty": "Medium",
    "problemTag": ["Two Pointers", "String", "String Matching"]
  },
  {
    "title": "Find the Index of the First Occurrence in a String",
    "problemlink": "https://leetcode.com/problems/implement-strstr/",
    "day": "Day 16",
    "difficulty": "Medium",
    "problemTag": ["Two Pointers", "String", "String Matching"]
  },
  {
    "title": "Minimum Characters Required To Make A String Palindromic",
    "problemlink": "https://www.interviewbit.com/problems/minimum-characters-required-to-make-a-string-palindromic/",
    "day": "Day 16",
    "difficulty": "Medium",
    "problemTag": ["String"],
    "companyTag": ["Amazon", "Microsoft"]
  },
  {
    "title": "Valid Anagram",
    "problemlink": "https://leetcode.com/problems/valid-anagram/",
    "day": "Day 16",
    "difficulty": "Easy",
    "problemTag": ["Hash Table", "String", "Sorting"]
  },
  {
    "title": "Count and Say",
    "problemlink": "https://leetcode.com/problems/count-and-say/",
    "day": "Day 16",
    "difficulty": "Medium",
    "problemTag": ["String"]
  },
  {
    "title": "Compare Version Numbers",
    "problemlink": "https://leetcode.com/problems/compare-version-numbers/",
    "day": "Day 16",
    "difficulty": "Medium",
    "problemTag": ["Two Pointers", "String"]
  },
  {
    "title": "Binary Tree Inorder Traversal",
    "problemlink": "https://leetcode.com/problems/binary-tree-inorder-traversal/",
    "day": "Day 17",
    "difficulty": "Easy",
    "problemTag": ["Stack", "Tree", "Depth-First Search", "Binary Tree"]
  },
  {
    "title": "Binary Tree Preorder Traversal",
    "problemlink": "https://leetcode.com/problems/binary-tree-preorder-traversal/",
    "day": "Day 17",
    "difficulty": "Easy",
    "problemTag": ["Stack", "Tree", "Depth-First Search", "Binary Tree"]
  },
  {
    "title": "Binary Tree Postorder Traversal",
    "problemlink": "https://leetcode.com/problems/binary-tree-postorder-traversal/",
    "day": "Day 17",
    "difficulty": "Easy",
    "problemTag": ["Stack", "Tree", "Depth-First Search", "Binary Tree"]
  },
  {
    "title": "Binary Tree Inorder Traversal",
    "problemlink": "https://leetcode.com/problems/binary-tree-inorder-traversal/",
    "day": "Day 17",
    "difficulty": "Easy",
    "problemTag": ["Stack", "Tree", "Depth-First Search", "Binary Tree"]
  },
  {
    "title": "Left View of Binary Tree",
    "problemlink": "https://practice.geeksforgeeks.org/problems/left-view-of-binary-tree/1",
    "day": "Day 17",
    "difficulty": "Easy",
    "problemTag": ["TreeData", "Structures"],
    "companyTag": [
      "Accolite",
      "Amazon",
      "Flipkart",
      "Knowlarity",
      "MakeMyTrip",
      "Ola Cabs",
      "Open Solutions",
      "OYO Rooms",
      "Paytm",
      "Qualcomm",
      "Samsung",
      "Snapdeal",
      "Twitter",
      "Adobe"
    ]
  },
  {
    "title": "Bottom View of Binary Tree",
    "problemlink": "https://practice.geeksforgeeks.org/problems/bottom-view-of-binary-tree/1",
    "day": "Day 17",
    "difficulty": "Medium",
    "problemTag": ["TreeData", "Structures"],
    "companyTag": [
      "Accolite",
      "Amazon",
      "CouponDunia",
      "Flipkart",
      "OYO Rooms",
      "Paytm",
      "Walmart"
    ]
  },
  {
    "title": "Top View of Binary Tree",
    "problemlink": "https://practice.geeksforgeeks.org/problems/top-view-of-binary-tree/1",
    "day": "Day 17",
    "difficulty": "Medium",
    "problemTag": ["Binary Search Tree", "Tree", "Data Structures"],
    "companyTag": ["Walmart", "Ola Cabs", "Paytm"]
  },
  {
    "title": "Tree Traversals",
    "problemlink": "https://www.codingninjas.com/codestudio/problems/981269?topList=striver-sde-sheet-problems&utm_source=striver&utm_medium=website",
    "day": "Day 17",
    "difficulty": "Easy",
    "problemTag": ["Stacks & Queues"],
    "companyTag": []
  },
  {
    "title": "Vertical Order Traversal of a Binary Tree",
    "problemlink": "https://leetcode.com/problems/vertical-order-traversal-of-a-binary-tree/",
    "day": "Day 17",
    "difficulty": "Hard",
    "problemTag": [
      "Hash Table",
      "Tree",
      "Depth-First Search",
      "Breadth-First Search",
      "Binary Tree"
    ]
  },
  {
    "title": "Path to Given Node",
    "problemlink": "https://www.interviewbit.com/problems/path-to-given-node/",
    "day": "Day 17",
    "difficulty": "Easy",
    "problemTag": ["Tree Data Structure"],
    "companyTag": ["Amazon"]
  },
  {
    "title": "Maximum Width of Binary Tree",
    "problemlink": "https://leetcode.com/problems/maximum-width-of-binary-tree/",
    "day": "Day 17",
    "difficulty": "Medium",
    "problemTag": [
      "Tree",
      "Depth-First Search",
      "Breadth-First Search",
      "Binary Tree"
    ]
  },

  {
    "title": "Binary Tree Level Order Traversal",
    "problemlink": "https://leetcode.com/problems/binary-tree-level-order-traversal/",
    "day": "Day 18",
    "difficulty": "Medium",
    "problemTag": ["Tree", "Breadth-First Search", "Binary Tree"]
  },
  {
    "title": "Maximum Depth of Binary Tree",
    "problemlink": "https://leetcode.com/problems/maximum-depth-of-binary-tree/",
    "day": "Day 18",
    "difficulty": "Easy",
    "problemTag": [
      "Tree",
      "Depth-First Search",
      "Breadth-First Search",
      "Binary Tree"
    ]
  },
  {
    "title": "Diameter of Binary Tree",
    "problemlink": "https://leetcode.com/problems/diameter-of-binary-tree/",
    "day": "Day 18",
    "difficulty": "Easy",
    "problemTag": ["Tree", "Depth-First Search", "Binary Tree"]
  },
  {
    "title": "Balanced Binary Tree",
    "problemlink": "https://leetcode.com/problems/balanced-binary-tree/",
    "day": "Day 18",
    "difficulty": "Easy",
    "problemTag": ["Tree", "Depth-First Search", "Binary Tree"]
  },
  {
    "title": "Lowest Common Ancestor of a Binary Tree",
    "problemlink": "https://leetcode.com/problems/lowest-common-ancestor-of-a-binary-tree/",
    "day": "Day 18",
    "difficulty": "Medium",
    "problemTag": ["Tree", "Depth-First Search", "Binary Tree"]
  },
  {
    "title": "Same Tree",
    "problemlink": "https://leetcode.com/problems/same-tree/",
    "day": "Day 18",
    "difficulty": "Easy",
    "problemTag": [
      "Tree",
      "Depth-First Search",
      "Breadth-First Search",
      "Binary Tree"
    ]
  },
  {
    "title": "Binary Tree Zigzag Level Order Traversal",
    "problemlink": "https://leetcode.com/problems/binary-tree-zigzag-level-order-traversal/",
    "day": "Day 18",
    "difficulty": "Medium",
    "problemTag": ["Tree", "Breadth-First Search", "Binary Tree"]
  },
  {
    "title": "Boundary of Binary Tree",
    "problemlink": "https://leetcode.com/problems/boundary-of-binary-tree/#",
    "day": "Day 18",
    "difficulty": "Medium",
    "problemTag": ["Tree", "Depth-First Search", "Binary Tree"]
  },
  {
    "title": "Binary Tree Maximum Path Sum",
    "problemlink": "https://leetcode.com/problems/binary-tree-maximum-path-sum/",
    "day": "Day 19",
    "difficulty": "Hard",
    "problemTag": [
      "Dynamic Programming",
      "Tree",
      "Depth-First Search",
      "Binary Tree"
    ]
  },
  {
    "title": "Construct Binary Tree from Preorder and Inorder Traversal",
    "problemlink": "https://leetcode.com/problems/construct-binary-tree-from-preorder-and-inorder-traversal/",
    "day": "Day 19",
    "difficulty": "Medium",
    "problemTag": [
      "Array",
      "Hash Table",
      "Divide and Conquer",
      "Tree",
      "Binary Tree"
    ]
  },
  {
    "title": "Construct Binary Tree from Inorder and Postorder Traversal",
    "problemlink": "https://leetcode.com/problems/construct-binary-tree-from-inorder-and-postorder-traversal/",
    "day": "Day 19",
    "difficulty": "Medium",
    "problemTag": [
      "Array",
      "Hash Table",
      "Divide and Conquer",
      "Tree",
      "Binary Tree"
    ]
  },
  {
    "title": "Symmetric Tree",
    "problemlink": "https://leetcode.com/problems/symmetric-tree/",
    "day": "Day 19",
    "difficulty": "Easy",
    "problemTag": [
      "Tree",
      "Depth-First Search",
      "Breadth-First Search",
      "Binary Tree"
    ]
  },
  {
    "title": "Flatten Binary Tree to Linked List",
    "problemlink": "https://leetcode.com/problems/flatten-binary-tree-to-linked-list/",
    "day": "Day 19",
    "difficulty": "Medium",
    "problemTag": [
      "Linked List",
      "Stack",
      "Tree",
      "Depth-First Search",
      "Binary Tree"
    ]
  },
  {
    "title": "Mirror Tree",
    "problemlink": "https://practice.geeksforgeeks.org/problems/mirror-tree/1",
    "day": "Day 19",
    "difficulty": "Easy",
    "problemTag": ["TreeData", "Structures"],
    "companyTag": [
      "Accolite",
      "Adobe",
      "Amazon",
      "Belzabar",
      "eBay",
      "Goldman Sachs",
      "Microsoft",
      "Morgan Stanley",
      "Myntra",
      "Ola Cabs",
      "Paytm",
      "PropTiger",
      "Samsung",
      "SAP Labs",
      "Snapdeal",
      "VMWare",
      "Walmart",
      "Google"
    ]
  },
  {
    "title": "Children Sum Property",
    "problemlink": "https://www.codingninjas.com/codestudio/problems/childrensumproperty_790723?topList=striver-sde-sheet-problems&utm_source=striver&utm_medium=website",
    "day": "Day 19",
    "difficulty": "Medium",
    "problemTag": ["Binary Tree"],
    "companyTag": []
  },
  {
    "title": "Populating Next Right Pointers in Each Node",
    "problemlink": "https://leetcode.com/problems/populating-next-right-pointers-in-each-node/",
    "day": "Day 20",
    "difficulty": "Medium",
    "problemTag": [
      "Linked List",
      "Tree",
      "Depth-First Search",
      "Breadth-First Search",
      "Binary Tree"
    ]
  },
  {
    "title": "Search in a Binary Search Tree",
    "problemlink": "https://leetcode.com/problems/search-in-a-binary-search-tree/",
    "day": "Day 20",
    "difficulty": "Easy",
    "problemTag": ["Tree", "Binary Search Tree", "Binary Tree"]
  },
  {
    "title": "Convert Sorted Array to Binary Search Tree",
    "problemlink": "https://leetcode.com/problems/convert-sorted-array-to-binary-search-tree/",
    "day": "Day 20",
    "difficulty": "Easy",
    "problemTag": [
      "Array",
      "Divide and Conquer",
      "Tree",
      "Binary Search Tree",
      "Binary Tree"
    ]
  },
  {
    "title": "Construct Binary Search Tree from Preorder Traversal",
    "problemlink": "https://leetcode.com/problems/construct-binary-search-tree-from-preorder-traversal/",
    "day": "Day 20",
    "difficulty": "Medium",
    "problemTag": [
      "Array",
      "Stack",
      "Tree",
      "Binary Search Tree",
      "Monotonic Stack",
      "Binary Tree"
    ]
  },
  {
    "title": "Validate Binary Search Tree",
    "problemlink": "https://leetcode.com/problems/validate-binary-search-tree/",
    "day": "Day 20",
    "difficulty": "Medium",
    "problemTag": [
      "Tree",
      "Depth-First Search",
      "Binary Search Tree",
      "Binary Tree"
    ]
  },
  {
    "title": "Lowest Common Ancestor of a Binary Search Tree",
    "problemlink": "https://leetcode.com/problems/lowest-common-ancestor-of-a-binary-search-tree/",
    "day": "Day 20",
    "difficulty": "Medium",
    "problemTag": [
      "Tree",
      "Depth-First Search",
      "Binary Search Tree",
      "Binary Tree"
    ]
  },
  {
    "title": "Predecessor and Successor",
    "problemlink": "https://practice.geeksforgeeks.org/problems/predecessor-and-successor/1",
    "day": "Day 20",
    "difficulty": "Medium",
    "problemTag": ["Binary Search Tree", "Tree", "Data Structures"],
    "companyTag": ["Ola Cabs"]
  },
  {
    "title": "Floor in BST",
    "problemlink": "https://www.codingninjas.com/codestudio/problems/floor-from-bst_920457?source=youtube&campaign=Striver_Tree_Videos&utm_source=youtube&utm_medium=affiliate&utm_campaign=Striver_Tree_Videos",
    "day": "Day 21",
    "difficulty": "Medium",
    "problemTag": ["Binary Search Trees"],
    "companyTag": []
  },
  {
    "title": "Ceil from BST",
    "problemlink": "https://www.codingninjas.com/codestudio/problems/ceil-from-bst_920464?source=youtube&campaign=Striver_Tree_Videos&utm_source=youtube&utm_medium=affiliate&utm_campaign=Striver_Tree_Videos",
    "day": "Day 21",
    "difficulty": "Easy",
    "problemTag": ["Binary Search Trees"],
    "companyTag": []
  },
  {
    "title": "Kth Smallest Element in a BST",
    "problemlink": "https://leetcode.com/problems/kth-smallest-element-in-a-bst/",
    "day": "Day 21",
    "difficulty": "Medium",
    "problemTag": [
      "Tree",
      "Depth-First Search",
      "Binary Search Tree",
      "Binary Tree"
    ]
  },
  {
    "title": "Kth largest element in BST",
    "problemlink": "https://practice.geeksforgeeks.org/problems/kth-largest-element-in-bst/1",
    "day": "Day 21",
    "difficulty": "Easy",
    "problemTag": ["Binary Search Tree", "Tree", "Data Structures"],
    "companyTag": ["Accolite", "Amazon", "Samsung", "SAP Labs", "Microsoft"]
  },
  {
    "title": "Two Sum IV - Input is a BST",
    "problemlink": "https://leetcode.com/problems/two-sum-iv-input-is-a-bst/",
    "day": "Day 21",
    "difficulty": "Easy",
    "problemTag": [
      "Hash Table",
      "Two Pointers",
      "Tree",
      "Depth-First Search",
      "Breadth-First Search",
      "Binary Search Tree",
      "Binary Tree"
    ]
  },
  {
    "title": "Binary Search Tree Iterator",
    "problemlink": "https://leetcode.com/problems/binary-search-tree-iterator/",
    "day": "Day 21",
    "difficulty": "Medium",
    "problemTag": [
      "Stack",
      "Tree",
      "Design",
      "Binary Search Tree",
      "Binary Tree",
      "Iterator"
    ]
  },
  {
    "title": "Maximum Sum BST in Binary Tree",
    "problemlink": "https://leetcode.com/problems/maximum-sum-bst-in-binary-tree/",
    "day": "Day 21",
    "difficulty": "Hard",
    "problemTag": [
      "Dynamic Programming",
      "Tree",
      "Depth-First Search",
      "Binary Search Tree",
      "Binary Tree"
    ]
  },
  {
    "title": "Serialize and Deserialize Binary Tree",
    "problemlink": "https://leetcode.com/problems/serialize-and-deserialize-binary-tree/",
    "day": "Day 21",
    "difficulty": "Hard",
    "problemTag": [
      "String",
      "Tree",
      "Depth-First Search",
      "Breadth-First Search",
      "Design",
      "Binary Tree"
    ]
  },
  {
    "title": "Flatten Binary Tree to Linked List",
    "problemlink": "https://leetcode.com/problems/flatten-binary-tree-to-linked-list/",
    "day": "Day 22",
    "difficulty": "Medium",
    "problemTag": [
      "Linked List",
      "Stack",
      "Tree",
      "Depth-First Search",
      "Binary Tree"
    ]
  },
  {
    "title": "Find Median from Data Stream",
    "problemlink": "https://leetcode.com/problems/find-median-from-data-stream/",
    "day": "Day 22",
    "difficulty": "Hard",
    "problemTag": [
      "Two Pointers",
      "Design",
      "Sorting",
      "Heap (Priority Queue)",
      "Data Stream"
    ]
  },
  {
    "title": "Kth Largest Element in a Stream",
    "problemlink": "https://leetcode.com/problems/kth-largest-element-in-a-stream/",
    "day": "Day 22",
    "difficulty": "Easy",
    "problemTag": [
      "Tree",
      "Design",
      "Binary Search Tree",
      "Heap (Priority Queue)",
      "Binary Tree",
      "Data Stream"
    ]
  },
  {
    "title": "Distinct Numbers in Window",
    "problemlink": "https://www.interviewbit.com/problems/distinct-numbers-in-window/",
    "day": "Day 22",
    "difficulty": "Medium",
    "problemTag": ["Heaps And Maps"],
    "companyTag": ["Amazon"]
  },
  {
    "title": "Kth Largest Element in an Array",
    "problemlink": "https://leetcode.com/problems/kth-largest-element-in-an-array/",
    "day": "Day 22",
    "difficulty": "Medium",
    "problemTag": [
      "Array",
      "Divide and Conquer",
      "Sorting",
      "Heap (Priority Queue)",
      "Quickselect"
    ]
  },
  {
    "title": "Flood Fill",
    "problemlink": "https://leetcode.com/problems/flood-fill/",
    "day": "Day 22",
    "difficulty": "Easy",
    "problemTag": [
      "Array",
      "Depth-First Search",
      "Breadth-First Search",
      "Matrix"
    ]
  },
  {
    "title": "Clone Graph",
    "problemlink": "https://leetcode.com/problems/clone-graph/",
    "day": "Day 23",
    "difficulty": "Medium",
    "problemTag": [
      "Hash Table",
      "Depth-First Search",
      "Breadth-First Search",
      "Graph"
    ]
  },
  {
    "title": "DFS of Graph",
    "problemlink": "https://practice.geeksforgeeks.org/problems/depth-first-traversal-for-a-graph/1",
    "day": "Day 23",
    "difficulty": "Easy",
    "problemTag": ["DFS", "Graph", "Data Structures", "Algorithms"],
    "companyTag": ["Accolite", "Amazon", "Intuit", "Samsung"]
  },
  {
    "title": "BFS of graph",
    "problemlink": "https://practice.geeksforgeeks.org/problems/bfs-traversal-of-graph/1",
    "day": "Day 23",
    "difficulty": "Easy",
    "problemTag": ["BFS", "Graph", "Data Structures", "Algorithms"],
    "companyTag": [
      "Adobe",
      "Amazon",
      "Flipkart",
      "Microsoft",
      "Ola Cabs",
      "Samsung",
      "SAP Labs"
    ]
  },
  {
    "title": "Course Schedule",
    "problemlink": "https://leetcode.com/problems/course-schedule/",
    "day": "Day 23",
    "difficulty": "Medium",
    "problemTag": [
      "Depth-First Search",
      "Breadth-First Search",
      "Graph",
      "Topological Sort"
    ]
  },
  {
    "title": "Course Schedule",
    "problemlink": "https://leetcode.com/problems/course-schedule/",
    "day": "Day 23",
    "difficulty": "Medium",
    "problemTag": [
      "Depth-First Search",
      "Breadth-First Search",
      "Graph",
      "Topological Sort"
    ]
  },
  {
    "title": "Course Schedule",
    "problemlink": "https://leetcode.com/problems/course-schedule/",
    "day": "Day 23",
    "difficulty": "Medium",
    "problemTag": [
      "Depth-First Search",
      "Breadth-First Search",
      "Graph",
      "Topological Sort"
    ]
  },
  {
    "title": "Course Schedule",
    "problemlink": "https://leetcode.com/problems/course-schedule/",
    "day": "Day 23",
    "difficulty": "Medium",
    "problemTag": [
      "Depth-First Search",
      "Breadth-First Search",
      "Graph",
      "Topological Sort"
    ]
  },
  {
    "title": "Topological sort",
    "problemlink": "https://practice.geeksforgeeks.org/problems/topological-sort/1",
    "day": "Day 23",
    "difficulty": "Medium",
    "problemTag": ["Graph", "Data Structures"],
    "companyTag": [
      "Accolite",
      "Amazon",
      "Flipkart",
      "Microsoft",
      "Moonfrog Labs",
      "Morgan Stanley",
      "OYO Rooms",
      "Samsung",
      "Visa",
      "D-E-Shaw"
    ]
  },
  {
    "title": "Topological sort",
    "problemlink": "https://practice.geeksforgeeks.org/problems/topological-sort/1",
    "day": "Day 23",
    "difficulty": "Medium",
    "problemTag": ["Graph", "Data Structures"],
    "companyTag": [
      "Accolite",
      "Amazon",
      "Flipkart",
      "Microsoft",
      "Moonfrog Labs",
      "Morgan Stanley",
      "OYO Rooms",
      "Samsung",
      "Visa",
      "D-E-Shaw"
    ]
  },
  {
    "title": "Number of Islands",
    "problemlink": "https://leetcode.com/problems/number-of-islands/",
    "day": "Day 23",
    "difficulty": "Medium",
    "problemTag": [
      "Array",
      "Depth-First Search",
      "Breadth-First Search",
      "Union Find",
      "Matrix"
    ]
  },
  {
    "title": "Is Graph Bipartite?",
    "problemlink": "https://leetcode.com/problems/is-graph-bipartite/",
    "day": "Day 23",
    "difficulty": "Medium",
    "problemTag": [
      "Depth-First Search",
      "Breadth-First Search",
      "Union Find",
      "Graph"
    ]
  },
  {
    "title": "Is Graph Bipartite?",
    "problemlink": "https://leetcode.com/problems/is-graph-bipartite/",
    "day": "Day 23",
    "difficulty": "Medium",
    "problemTag": [
      "Depth-First Search",
      "Breadth-First Search",
      "Union Find",
      "Graph"
    ]
  },
  {
    "title": "Maximum Number of Non-Overlapping Substrings",
    "problemlink": "https://leetcode.com/problems/maximum-number-of-non-overlapping-substrings/discuss/766485/kosaraju-algorithm-on",
    "day": "Day 24",
    "difficulty": "Hard",
    "problemTag": ["String", "Greedy"]
  },
  {
    "title": "Implementing Dijkstra Algorithm",
    "problemlink": "https://practice.geeksforgeeks.org/problems/implementing-dijkstra-set-1-adjacency-matrix/1",
    "day": "Day 24",
    "difficulty": "Medium",
    "problemTag": ["Graph", "Data Structures", "Algorithms"],
    "companyTag": ["Microsoft", "Flipkart"]
  },
  {
    "title": "Distance from the Source (Bellman-Ford Algorithm)",
    "problemlink": "https://practice.geeksforgeeks.org/problems/distance-from-the-source-bellman-ford-algorithm/0?fbclid=IwAR2_lL0T84DnciLyzMTQuVTMBOi82nTWNLuXjUgahnrtBgkphKiYk6xcyJU",
    "day": "Day 24",
    "difficulty": "Medium",
    "problemTag": [
      "Graph",
      "Dynamic Programming",
      "Data Structures",
      "Algorithms"
    ],
    "companyTag": ["Amazon", "Microsoft"]
  },
  {
    "title": "Floyd Warshall",
    "problemlink": "https://practice.geeksforgeeks.org/problems/implementing-floyd-warshall2042/1",
    "day": "Day 24",
    "difficulty": "Medium",
    "problemTag": [
      "Dynamic Programming",
      "Graph",
      "Data Structures",
      "Algorithms"
    ],
    "companyTag": ["Samsung"]
  },
  {
    "title": "Minimum Spanning Tree",
    "problemlink": "https://practice.geeksforgeeks.org/problems/minimum-spanning-tree/1",
    "day": "Day 24",
    "difficulty": "Medium",
    "problemTag": ["Graph", "Greedy", "Data Structures", "Algorithms"],
    "companyTag": ["Amazon", "Cisco", "Samsung", "Microsoft", "Flipkart"]
  },
  {
    "title": "Minimum Spanning Tree",
    "problemlink": "https://practice.geeksforgeeks.org/problems/minimum-spanning-tree/1",
    "day": "Day 24",
    "difficulty": "Medium",
    "problemTag": ["Graph", "Greedy", "Data Structures", "Algorithms"],
    "companyTag": ["Amazon", "Cisco", "Samsung", "Microsoft", "Flipkart"]
  },
  {
    "title": "Maximum Product Subarray",
    "problemlink": "https://leetcode.com/problems/maximum-product-subarray/",
    "day": "Day 25",
    "difficulty": "Medium",
    "problemTag": ["Array", "Dynamic Programming"]
  },
  {
    "title": "Longest Increasing Subsequence",
    "problemlink": "https://leetcode.com/problems/longest-increasing-subsequence/",
    "day": "Day 25",
    "difficulty": "Medium",
    "problemTag": ["Array", "Binary Search", "Dynamic Programming"]
  },
  {
    "title": "Longest Common Subsequence",
    "problemlink": "https://leetcode.com/problems/longest-common-subsequence/",
    "day": "Day 25",
    "difficulty": "Medium",
    "problemTag": ["String", "Dynamic Programming"]
  },
  {
    "title": "0 - 1 Knapsack Problem",
    "problemlink": "https://practice.geeksforgeeks.org/problems/0-1-knapsack-problem0945/1",
    "day": "Day 25",
    "difficulty": "Medium",
    "problemTag": ["Dynamic Programming", "Algorithms"],
    "companyTag": [
      "Amazon",
      "Directi",
      "Flipkart",
      "GreyOrange",
      "Microsoft",
      "Mobicip",
      "Morgan Stanley",
      "Oracle",
      "Payu",
      "Snapdeal",
      "Visa"
    ]
  },
  {
    "title": "Edit Distance",
    "problemlink": "https://leetcode.com/problems/edit-distance/",
    "day": "Day 25",
    "difficulty": "Hard",
    "problemTag": ["String", "Dynamic Programming"]
  },
  {
    "title": "Maximum sum increasing subsequence",
    "problemlink": "https://practice.geeksforgeeks.org/problems/maximum-sum-increasing-subsequence4749/1",
    "day": "Day 25",
    "difficulty": "Medium",
    "problemTag": ["Dynamic Programming", "Algorithms"],
    "companyTag": ["Amazon", "Morgan Stanley", "Microsoft"]
  },
  {
    "title": "Matrix Chain Multiplication",
    "problemlink": "https://practice.geeksforgeeks.org/problems/matrix-chain-multiplication0303/1",
    "day": "Day 25",
    "difficulty": "Medium",
    "problemTag": [
      "Dynamic Programming",
      "Matrix",
      "Data Structures",
      "Algorithms"
    ],
    "companyTag": ["FactSet", "Flipkart", "Microsoft"]
  },
  {
    "title": "Minimum Path Sum",
    "problemlink": "https://leetcode.com/problems/minimum-path-sum/",
    "day": "Day 26",
    "difficulty": "Medium",
    "problemTag": ["Array", "Dynamic Programming", "Matrix"]
  },
  {
    "title": "Coin Change",
    "problemlink": "https://leetcode.com/problems/coin-change/",
    "day": "Day 26",
    "difficulty": "Medium",
    "problemTag": ["Array", "Dynamic Programming", "Breadth-First Search"]
  },
  {
    "title": "Partition Equal Subset Sum",
    "problemlink": "https://leetcode.com/problems/partition-equal-subset-sum/",
    "day": "Day 26",
    "difficulty": "Medium",
    "problemTag": ["Array", "Dynamic Programming"]
  },
  {
    "title": "Minimum Cost to Cut a Stick",
    "problemlink": "https://leetcode.com/problems/minimum-cost-to-cut-a-stick/",
    "day": "Day 26",
    "difficulty": "Hard",
    "problemTag": ["Array", "Dynamic Programming"]
  },
  {
    "title": "Egg Dropping Puzzle",
    "problemlink": "https://practice.geeksforgeeks.org/problems/egg-dropping-puzzle-1587115620/1",
    "day": "Day 26",
    "difficulty": "Medium",
    "problemTag": ["Dynamic Programming", "Algorithms"],
    "companyTag": [
      "Amazon",
      "D-E-Shaw",
      "Goldman Sachs",
      "Google",
      "Hike",
      "MakeMyTrip",
      "MAQ Software",
      "Myntra",
      "nearbuy",
      "Opera",
      "Oracle",
      "Philips",
      "Samsung",
      "Service Now",
      "Unisys",
      "VMWare",
      "Microsoft"
    ]
  },
  {
    "title": "Word Break",
    "problemlink": "https://practice.geeksforgeeks.org/problems/word-break1352/1",
    "day": "Day 26",
    "difficulty": "Medium",
    "problemTag": ["Dynamic Programming", "Algorithms"],
    "companyTag": [
      "Amazon",
      "Google",
      "Hike",
      "IBM",
      "MAQ Software",
      "Microsoft",
      "Walmart",
      "Zoho",
      "Flipkart"
    ]
  },
  {
    "title": "Palindromic Partitioning",
    "problemlink": "https://practice.geeksforgeeks.org/problems/palindromic-patitioning4845/1",
    "day": "Day 26",
    "difficulty": "Hard",
    "problemTag": ["Dynamic Programming", "Algorithms"],
    "companyTag": ["Amazon", "Microsoft", "Google"]
  },
  {
    "title": "Job Sequencing Problem",
    "problemlink": "https://practice.geeksforgeeks.org/problems/job-sequencing-problem-1587115620/1",
    "day": "Day 26",
    "difficulty": "Medium",
    "problemTag": ["Greedy", "Dynamic Programming", "Algorithms"],
    "companyTag": ["Accolite", "Microsoft", "Flipkart"]
  },
  {
    "title": "Implement Trie (Prefix Tree)",
    "problemlink": "https://leetcode.com/problems/implement-trie-prefix-tree/",
    "day": "Day 27",
    "difficulty": "Medium",
    "problemTag": ["Hash Table", "String", "Design", "Trie"]
  },
  {
    "title": "Implement Trie ll",
    "problemlink": "https://www.codingninjas.com/codestudio/problems/implement-trie_1387095?utm_source=youtube&utm_medium=affiliate&utm_campaign=striver_tries_videos",
    "day": "Day 27",
    "difficulty": "Medium",
    "problemTag": ["Tries"],
    "companyTag": [""]
  },
  {
    "title": "Complete String",
    "problemlink": "https://www.codingninjas.com/codestudio/problems/complete-string_2687860?utm_source=youtube&utm_medium=affiliate&utm_campaign=striver_tries_videos",
    "day": "Day 27",
    "difficulty": "Hard",
    "problemTag": ["Tries"],
    "companyTag": [""]
  },
  {
    "title": "Count Distinct Substrings",
    "problemlink": "https://www.codingninjas.com/codestudio/problems/count-distinct-substrings_985292?utm_source=youtube&utm_medium=affiliate&utm_campaign=striver_tries_videos",
    "day": "Day 27",
    "difficulty": "Medium",
    "problemTag": ["Strings", "Tries"],
    "companyTag": [""]
  },
  {
    "title": "Power Set",
    "problemlink": "https://practice.geeksforgeeks.org/problems/power-set4302/1#",
    "day": "Day 27",
    "difficulty": "Easy",
    "problemTag": [
      "Bit Magic",
      "Mathematical",
      "Data Structures",
      "Algorithms"
    ],
    "companyTag": ["SnapdealDay 27"]
  },
  {
    "title": "Maximum XOR of Two Numbers in an Array",
    "problemlink": "https://leetcode.com/problems/maximum-xor-of-two-numbers-in-an-array/",
    "day": "Day 27",
    "difficulty": "Medium",
    "problemTag": ["Array", "Hash Table", "Bit Manipulation", "Trie"]
  },
  {
    "title": "Maximum XOR With an Element From Array",
    "problemlink": "https://leetcode.com/problems/maximum-xor-with-an-element-from-array/",
    "day": "Day 27",
    "difficulty": "Hard",
    "problemTag": ["Array", "Bit Manipulation", "Trie"]
  }
]
