[
  {
    "title": "Two Sum",
    "problemlink": "https://leetcode.com/problems/two-sum/",
    "difficulty": "Easy",
    "problemTag": ["Array", "Hash Table"]
  },
  {
    "title": "Add Two Numbers",
    "problemlink": "https://leetcode.com/problems/add-two-numbers/",
    "difficulty": "Medium",
    "problemTag": ["Linked List", "Math", "Recursion"]
  },
  {
    "title": "Longest Substring Without Repeating Characters",
    "problemlink": "https://leetcode.com/problems/longest-substring-without-repeating-characters/",
    "difficulty": "Medium",
    "problemTag": ["Hash Table", "String", "Sliding Window"]
  },
  {
    "title": "Median of Two Sorted Arrays",
    "problemlink": "https://leetcode.com/problems/median-of-two-sorted-arrays/",
    "difficulty": "Hard",
    "problemTag": ["Array", "Binary Search", "Divide and Conquer"]
  },
  {
    "title": "Longest Palindromic Substring",
    "problemlink": "https://leetcode.com/problems/longest-palindromic-substring/",
    "difficulty": "Medium",
    "problemTag": ["String", "Dynamic Programming"]
  },
  {
    "title": "Reverse Integer",
    "problemlink": "https://leetcode.com/problems/reverse-integer/",
    "difficulty": "Medium",
    "problemTag": ["Math"]
  },
  {
    "title": "String to Integer (atoi)",
    "problemlink": "https://leetcode.com/problems/string-to-integer-atoi/",
    "difficulty": "Medium",
    "problemTag": ["String"]
  },
  {
    "title": "Regular Expression Matching",
    "problemlink": "https://leetcode.com/problems/regular-expression-matching/",
    "difficulty": "Hard",
    "problemTag": ["String", "Dynamic Programming", "Recursion"]
  },
  {
    "title": "Container With Most Water",
    "problemlink": "https://leetcode.com/problems/container-with-most-water/",
    "difficulty": "Medium",
    "problemTag": ["Array", "Two Pointers", "Greedy"]
  },
  {
    "title": "Roman to Integer",
    "problemlink": "https://leetcode.com/problems/roman-to-integer/",
    "difficulty": "Easy",
    "problemTag": ["Hash Table", "Math", "String"]
  },
  {
    "title": "Longest Common Prefix",
    "problemlink": "https://leetcode.com/problems/longest-common-prefix/",
    "difficulty": "Easy",
    "problemTag": ["String", "Trie"]
  },
  {
    "title": "3Sum",
    "problemlink": "https://leetcode.com/problems/3sum/",
    "difficulty": "Medium",
    "problemTag": ["Array", "Two Pointers", "Sorting"]
  },
  {
    "title": "Letter Combinations of a Phone Number",
    "problemlink": "https://leetcode.com/problems/letter-combinations-of-a-phone-number/",
    "difficulty": "Medium",
    "problemTag": ["Hash Table", "String", "Backtracking"]
  },
  {
    "title": "Remove Nth Node From End of List",
    "problemlink": "https://leetcode.com/problems/remove-nth-node-from-end-of-list/",
    "difficulty": "Medium",
    "problemTag": ["Linked List", "Two Pointers"]
  },
  {
    "title": "Valid Parentheses",
    "problemlink": "https://leetcode.com/problems/valid-parentheses/",
    "difficulty": "Easy",
    "problemTag": ["String", "Stack"]
  },
  {
    "title": "Merge Two Sorted Lists",
    "problemlink": "https://leetcode.com/problems/merge-two-sorted-lists/",
    "difficulty": "Easy",
    "problemTag": ["Linked List", "Recursion"]
  },
  {
    "title": "Generate Parentheses",
    "problemlink": "https://leetcode.com/problems/generate-parentheses/",
    "difficulty": "Medium",
    "problemTag": ["String", "Dynamic Programming", "Backtracking"]
  },
  {
    "title": "Merge k Sorted Lists",
    "problemlink": "https://leetcode.com/problems/merge-k-sorted-lists/",
    "difficulty": "Hard",
    "problemTag": [
      "Linked List",
      "Divide and Conquer",
      "Heap (Priority Queue)",
      "Merge Sort"
    ]
  },
  {
    "title": "Remove Duplicates from Sorted Array",
    "problemlink": "https://leetcode.com/problems/remove-duplicates-from-sorted-array/",
    "difficulty": "Easy",
    "problemTag": ["Array", "Two Pointers"]
  },
  {
    "title": "Find the Index of the First Occurrence in a String",
    "problemlink": "https://leetcode.com/problems/find-the-index-of-the-first-occurrence-in-a-string/",
    "difficulty": "Medium",
    "problemTag": ["Two Pointers", "String", "String Matching"]
  },
  {
    "title": "Divide Two Integers",
    "problemlink": "https://leetcode.com/problems/divide-two-integers/",
    "difficulty": "Medium",
    "problemTag": ["Math", "Bit Manipulation"]
  },
  {
    "title": "Search in Rotated Sorted Array",
    "problemlink": "https://leetcode.com/problems/search-in-rotated-sorted-array/",
    "difficulty": "Medium",
    "problemTag": ["Array", "Binary Search"]
  },
  {
    "title": "Find First and Last Position of Element in Sorted Array",
    "problemlink": "https://leetcode.com/problems/find-first-and-last-position-of-element-in-sorted-array/",
    "difficulty": "Medium",
    "problemTag": ["Array", "Binary Search"]
  },
  {
    "title": "Valid Sudoku",
    "problemlink": "https://leetcode.com/problems/valid-sudoku/",
    "difficulty": "Medium",
    "problemTag": ["Array", "Hash Table", "Matrix"]
  },
  {
    "title": "Count and Say",
    "problemlink": "https://leetcode.com/problems/count-and-say/",
    "difficulty": "Medium",
    "problemTag": ["String"]
  },
  {
    "title": "First Missing Positive",
    "problemlink": "https://leetcode.com/problems/first-missing-positive/",
    "difficulty": "Hard",
    "problemTag": ["Array", "Hash Table"]
  },
  {
    "title": "Trapping Rain Water",
    "problemlink": "https://leetcode.com/problems/trapping-rain-water/",
    "difficulty": "Hard",
    "problemTag": [
      "Array",
      "Two Pointers",
      "Dynamic Programming",
      "Stack",
      "Monotonic Stack"
    ]
  },
  {
    "title": "Wildcard Matching",
    "problemlink": "https://leetcode.com/problems/wildcard-matching/",
    "difficulty": "Hard",
    "problemTag": ["String", "Dynamic Programming", "Greedy", "Recursion"]
  },
  {
    "title": "Permutations",
    "problemlink": "https://leetcode.com/problems/permutations/",
    "difficulty": "Medium",
    "problemTag": ["Array", "Backtracking"]
  },
  {
    "title": "Rotate Image",
    "problemlink": "https://leetcode.com/problems/rotate-image/",
    "difficulty": "Medium",
    "problemTag": ["Array", "Math", "Matrix"]
  },
  {
    "title": "Group Anagrams",
    "problemlink": "https://leetcode.com/problems/group-anagrams/",
    "difficulty": "Medium",
    "problemTag": ["Array", "Hash Table", "String", "Sorting"]
  },
  {
    "title": "Pow(x, n)",
    "problemlink": "https://leetcode.com/problems/powx-n/",
    "difficulty": "Medium",
    "problemTag": ["Math", "Recursion"]
  },
  {
    "title": "Maximum Subarray",
    "problemlink": "https://leetcode.com/problems/maximum-subarray/",
    "difficulty": "Medium",
    "problemTag": ["Array", "Divide and Conquer", "Dynamic Programming"]
  },
  {
    "title": "Spiral Matrix",
    "problemlink": "https://leetcode.com/problems/spiral-matrix/",
    "difficulty": "Medium",
    "problemTag": ["Array", "Matrix", "Simulation"]
  },
  {
    "title": "Jump Game",
    "problemlink": "https://leetcode.com/problems/jump-game/",
    "difficulty": "Medium",
    "problemTag": ["Array", "Dynamic Programming", "Greedy"]
  },
  {
    "title": "Merge Intervals",
    "problemlink": "https://leetcode.com/problems/merge-intervals/",
    "difficulty": "Medium",
    "problemTag": ["Array", "Sorting"]
  },
  {
    "title": "Unique Paths",
    "problemlink": "https://leetcode.com/problems/unique-paths/",
    "difficulty": "Medium",
    "problemTag": ["Math", "Dynamic Programming", "Combinatorics"]
  },
  {
    "title": "Plus One",
    "problemlink": "https://leetcode.com/problems/plus-one/",
    "difficulty": "Easy",
    "problemTag": ["Array", "Math"]
  },
  {
    "title": "Sqrt(x)",
    "problemlink": "https://leetcode.com/problems/sqrtx/",
    "difficulty": "Easy",
    "problemTag": ["Math", "Binary Search"]
  },
  {
    "title": "Climbing Stairs",
    "problemlink": "https://leetcode.com/problems/climbing-stairs/",
    "difficulty": "Easy",
    "problemTag": ["Math", "Dynamic Programming", "Memoization"]
  },
  {
    "title": "Set Matrix Zeroes",
    "problemlink": "https://leetcode.com/problems/set-matrix-zeroes/",
    "difficulty": "Medium",
    "problemTag": ["Array", "Hash Table", "Matrix"]
  },
  {
    "title": "Sort Colors",
    "problemlink": "https://leetcode.com/problems/sort-colors/",
    "difficulty": "Medium",
    "problemTag": ["Array", "Two Pointers", "Sorting"]
  },
  {
    "title": "Minimum Window Substring",
    "problemlink": "https://leetcode.com/problems/minimum-window-substring/",
    "difficulty": "Hard",
    "problemTag": ["Hash Table", "String", "Sliding Window"]
  },
  {
    "title": "Subsets",
    "problemlink": "https://leetcode.com/problems/subsets/",
    "difficulty": "Medium",
    "problemTag": ["Array", "Backtracking", "Bit Manipulation"]
  },
  {
    "title": "Word Search",
    "problemlink": "https://leetcode.com/problems/word-search/",
    "difficulty": "Medium",
    "problemTag": ["Array", "Backtracking", "Matrix"]
  },
  {
    "title": "Largest Rectangle in Histogram",
    "problemlink": "https://leetcode.com/problems/largest-rectangle-in-histogram/",
    "difficulty": "Hard",
    "problemTag": ["Array", "Stack", "Monotonic Stack"]
  },
  {
    "title": "Merge Sorted Array",
    "problemlink": "https://leetcode.com/problems/merge-sorted-array/",
    "difficulty": "Easy",
    "problemTag": ["Array", "Two Pointers", "Sorting"]
  },
  {
    "title": "Decode Ways",
    "problemlink": "https://leetcode.com/problems/decode-ways/",
    "difficulty": "Medium",
    "problemTag": ["String", "Dynamic Programming"]
  },
  {
    "title": "Binary Tree Inorder Traversal",
    "problemlink": "https://leetcode.com/problems/binary-tree-inorder-traversal/",
    "difficulty": "Easy",
    "problemTag": ["Stack", "Tree", "Depth-First Search", "Binary Tree"]
  },
  {
    "title": "Validate Binary Search Tree",
    "problemlink": "https://leetcode.com/problems/validate-binary-search-tree/",
    "difficulty": "Medium",
    "problemTag": [
      "Tree",
      "Depth-First Search",
      "Binary Search Tree",
      "Binary Tree"
    ]
  },
  {
    "title": "Symmetric Tree",
    "problemlink": "https://leetcode.com/problems/symmetric-tree/",
    "difficulty": "Easy",
    "problemTag": [
      "Tree",
      "Depth-First Search",
      "Breadth-First Search",
      "Binary Tree"
    ]
  },
  {
    "title": "Binary Tree Level Order Traversal",
    "problemlink": "https://leetcode.com/problems/binary-tree-level-order-traversal/",
    "difficulty": "Medium",
    "problemTag": ["Tree", "Breadth-First Search", "Binary Tree"]
  },
  {
    "title": "Binary Tree Zigzag Level Order Traversal",
    "problemlink": "https://leetcode.com/problems/binary-tree-zigzag-level-order-traversal/",
    "difficulty": "Medium",
    "problemTag": ["Tree", "Breadth-First Search", "Binary Tree"]
  },
  {
    "title": "Maximum Depth of Binary Tree",
    "problemlink": "https://leetcode.com/problems/maximum-depth-of-binary-tree/",
    "difficulty": "Easy",
    "problemTag": [
      "Tree",
      "Depth-First Search",
      "Breadth-First Search",
      "Binary Tree"
    ]
  },
  {
    "title": "Construct Binary Tree from Preorder and Inorder Traversal",
    "problemlink": "https://leetcode.com/problems/construct-binary-tree-from-preorder-and-inorder-traversal/",
    "difficulty": "Medium",
    "problemTag": [
      "Array",
      "Hash Table",
      "Divide and Conquer",
      "Tree",
      "Binary Tree"
    ]
  },
  {
    "title": "Convert Sorted Array to Binary Search Tree",
    "problemlink": "https://leetcode.com/problems/convert-sorted-array-to-binary-search-tree/",
    "difficulty": "Easy",
    "problemTag": [
      "Array",
      "Divide and Conquer",
      "Tree",
      "Binary Search Tree",
      "Binary Tree"
    ]
  },
  {
    "title": "Populating Next Right Pointers in Each Node",
    "problemlink": "https://leetcode.com/problems/populating-next-right-pointers-in-each-node/",
    "difficulty": "Medium",
    "problemTag": [
      "Linked List",
      "Tree",
      "Depth-First Search",
      "Breadth-First Search",
      "Binary Tree"
    ]
  },
  {
    "title": "Pascal's Triangle",
    "problemlink": "https://leetcode.com/problems/pascals-triangle/",
    "difficulty": "Easy",
    "problemTag": ["Array", "Dynamic Programming"]
  },
  {
    "title": "Best Time to Buy and Sell Stock",
    "problemlink": "https://leetcode.com/problems/best-time-to-buy-and-sell-stock/",
    "difficulty": "Easy",
    "problemTag": ["Array", "Dynamic Programming"]
  },
  {
    "title": "Best Time to Buy and Sell Stock II",
    "problemlink": "https://leetcode.com/problems/best-time-to-buy-and-sell-stock-ii/",
    "difficulty": "Medium",
    "problemTag": ["Array", "Dynamic Programming", "Greedy"]
  },
  {
    "title": "Binary Tree Maximum Path Sum",
    "problemlink": "https://leetcode.com/problems/binary-tree-maximum-path-sum/",
    "difficulty": "Hard",
    "problemTag": [
      "Dynamic Programming",
      "Tree",
      "Depth-First Search",
      "Binary Tree"
    ]
  },
  {
    "title": "Valid Palindrome",
    "problemlink": "https://leetcode.com/problems/valid-palindrome/",
    "difficulty": "Easy",
    "problemTag": ["Two Pointers", "String"]
  },
  {
    "title": "Word Ladder",
    "problemlink": "https://leetcode.com/problems/word-ladder/",
    "difficulty": "Hard",
    "problemTag": ["Hash Table", "String", "Breadth-First Search"]
  },
  {
    "title": "Longest Consecutive Sequence",
    "problemlink": "https://leetcode.com/problems/longest-consecutive-sequence/",
    "difficulty": "Medium",
    "problemTag": ["Array", "Hash Table", "Union Find"]
  },
  {
    "title": "Surrounded Regions",
    "problemlink": "https://leetcode.com/problems/surrounded-regions/",
    "difficulty": "Medium",
    "problemTag": [
      "Array",
      "Depth-First Search",
      "Breadth-First Search",
      "Union Find",
      "Matrix"
    ]
  },
  {
    "title": "Palindrome Partitioning",
    "problemlink": "https://leetcode.com/problems/palindrome-partitioning/",
    "difficulty": "Medium",
    "problemTag": ["String", "Dynamic Programming", "Backtracking"]
  },
  {
    "title": "Gas Station",
    "problemlink": "https://leetcode.com/problems/gas-station/",
    "difficulty": "Medium",
    "problemTag": ["Array", "Greedy"]
  },
  {
    "title": "Single Number",
    "problemlink": "https://leetcode.com/problems/single-number/",
    "difficulty": "Easy",
    "problemTag": ["Array", "Bit Manipulation"]
  },
  {
    "title": "Copy List with Random Pointer",
    "problemlink": "https://leetcode.com/problems/copy-list-with-random-pointer/",
    "difficulty": "Medium",
    "problemTag": ["Hash Table", "Linked List"]
  },
  {
    "title": "Word Break",
    "problemlink": "https://leetcode.com/problems/word-break/",
    "difficulty": "Medium",
    "problemTag": [
      "Hash Table",
      "String",
      "Dynamic Programming",
      "Trie",
      "Memoization"
    ]
  },
  {
    "title": "Word Break II",
    "problemlink": "https://leetcode.com/problems/word-break-ii/",
    "difficulty": "Hard",
    "problemTag": [
      "Hash Table",
      "String",
      "Dynamic Programming",
      "Backtracking",
      "Trie",
      "Memoization"
    ]
  },
  {
    "title": "Linked List Cycle",
    "problemlink": "https://leetcode.com/problems/linked-list-cycle/",
    "difficulty": "Easy",
    "problemTag": ["Hash Table", "Linked List", "Two Pointers"]
  },
  {
    "title": "LRU Cache",
    "problemlink": "https://leetcode.com/problems/lru-cache/",
    "difficulty": "Medium",
    "problemTag": ["Hash Table", "Linked List", "Design", "Doubly-Linked List"]
  },
  {
    "title": "Sort List",
    "problemlink": "https://leetcode.com/problems/sort-list/",
    "difficulty": "Medium",
    "problemTag": [
      "Linked List",
      "Two Pointers",
      "Divide and Conquer",
      "Sorting",
      "Merge Sort"
    ]
  },
  {
    "title": "Max Points on a Line",
    "problemlink": "https://leetcode.com/problems/max-points-on-a-line/",
    "difficulty": "Hard",
    "problemTag": ["Array", "Hash Table", "Math", "Geometry"]
  },
  {
    "title": "Evaluate Reverse Polish Notation",
    "problemlink": "https://leetcode.com/problems/evaluate-reverse-polish-notation/",
    "difficulty": "Medium",
    "problemTag": ["Array", "Math", "Stack"]
  },
  {
    "title": "Maximum Product Subarray",
    "problemlink": "https://leetcode.com/problems/maximum-product-subarray/",
    "difficulty": "Medium",
    "problemTag": ["Array", "Dynamic Programming"]
  },
  {
    "title": "Min Stack",
    "problemlink": "https://leetcode.com/problems/min-stack/",
    "difficulty": "Medium",
    "problemTag": ["Stack", "Design"]
  },
  {
    "title": "Intersection of Two Linked Lists",
    "problemlink": "https://leetcode.com/problems/intersection-of-two-linked-lists/",
    "difficulty": "Easy",
    "problemTag": ["Hash Table", "Linked List", "Two Pointers"]
  },
  {
    "title": "Find Peak Element",
    "problemlink": "https://leetcode.com/problems/find-peak-element/",
    "difficulty": "Medium",
    "problemTag": ["Array", "Binary Search"]
  },
  {
    "title": "Fraction to Recurring Decimal",
    "problemlink": "https://leetcode.com/problems/fraction-to-recurring-decimal/",
    "difficulty": "Medium",
    "problemTag": ["Hash Table", "Math", "String"]
  },
  {
    "title": "Majority Element",
    "problemlink": "https://leetcode.com/problems/majority-element/",
    "difficulty": "Easy",
    "problemTag": [
      "Array",
      "Hash Table",
      "Divide and Conquer",
      "Sorting",
      "Counting"
    ]
  },
  {
    "title": "Excel Sheet Column Number",
    "problemlink": "https://leetcode.com/problems/excel-sheet-column-number/",
    "difficulty": "Easy",
    "problemTag": ["Math", "String"]
  },
  {
    "title": "Factorial Trailing Zeroes",
    "problemlink": "https://leetcode.com/problems/factorial-trailing-zeroes/",
    "difficulty": "Medium",
    "problemTag": ["Math"]
  },
  {
    "title": "Largest Number",
    "problemlink": "https://leetcode.com/problems/largest-number/",
    "difficulty": "Medium",
    "problemTag": ["Array", "String", "Greedy", "Sorting"]
  },
  {
    "title": "Rotate Array",
    "problemlink": "https://leetcode.com/problems/rotate-array/",
    "difficulty": "Medium",
    "problemTag": ["Array", "Math", "Two Pointers"]
  },
  {
    "title": "Reverse Bits",
    "problemlink": "https://leetcode.com/problems/reverse-bits/",
    "difficulty": "Easy",
    "problemTag": ["Divide and Conquer", "Bit Manipulation"]
  },
  {
    "title": "Number of 1 Bits",
    "problemlink": "https://leetcode.com/problems/number-of-1-bits/",
    "difficulty": "Easy",
    "problemTag": ["Divide and Conquer", "Bit Manipulation"]
  },
  {
    "title": "House Robber",
    "problemlink": "https://leetcode.com/problems/house-robber/",
    "difficulty": "Medium",
    "problemTag": ["Array", "Dynamic Programming"]
  },
  {
    "title": "Number of Islands",
    "problemlink": "https://leetcode.com/problems/number-of-islands/",
    "difficulty": "Medium",
    "problemTag": [
      "Array",
      "Depth-First Search",
      "Breadth-First Search",
      "Union Find",
      "Matrix"
    ]
  },
  {
    "title": "Happy Number",
    "problemlink": "https://leetcode.com/problems/happy-number/",
    "difficulty": "Easy",
    "problemTag": ["Hash Table", "Math", "Two Pointers"]
  },
  {
    "title": "Count Primes",
    "problemlink": "https://leetcode.com/problems/count-primes/",
    "difficulty": "Medium",
    "problemTag": ["Array", "Math", "Enumeration", "Number Theory"]
  },
  {
    "title": "Reverse Linked List",
    "problemlink": "https://leetcode.com/problems/reverse-linked-list/",
    "difficulty": "Easy",
    "problemTag": ["Linked List", "Recursion"]
  },
  {
    "title": "Course Schedule",
    "problemlink": "https://leetcode.com/problems/course-schedule/",
    "difficulty": "Medium",
    "problemTag": [
      "Depth-First Search",
      "Breadth-First Search",
      "Graph",
      "Topological Sort"
    ]
  },
  {
    "title": "Implement Trie (Prefix Tree)",
    "problemlink": "https://leetcode.com/problems/implement-trie-prefix-tree/",
    "difficulty": "Medium",
    "problemTag": ["Hash Table", "String", "Design", "Trie"]
  },
  {
    "title": "Course Schedule II",
    "problemlink": "https://leetcode.com/problems/course-schedule-ii/",
    "difficulty": "Medium",
    "problemTag": [
      "Depth-First Search",
      "Breadth-First Search",
      "Graph",
      "Topological Sort"
    ]
  },
  {
    "title": "Word Search II",
    "problemlink": "https://leetcode.com/problems/word-search-ii/",
    "difficulty": "Hard",
    "problemTag": ["Array", "String", "Backtracking", "Trie", "Matrix"]
  },
  {
    "title": "Kth Largest Element in an Array",
    "problemlink": "https://leetcode.com/problems/kth-largest-element-in-an-array/",
    "difficulty": "Medium",
    "problemTag": [
      "Array",
      "Divide and Conquer",
      "Sorting",
      "Heap (Priority Queue)",
      "Quickselect"
    ]
  },
  {
    "title": "Contains Duplicate",
    "problemlink": "https://leetcode.com/problems/contains-duplicate/",
    "difficulty": "Easy",
    "problemTag": ["Array", "Hash Table", "Sorting"]
  },
  {
    "title": "The Skyline Problem",
    "problemlink": "https://leetcode.com/problems/the-skyline-problem/",
    "difficulty": "Hard",
    "problemTag": [
      "Array",
      "Divide and Conquer",
      "Binary Indexed Tree",
      "Segment Tree",
      "Line Sweep",
      "Heap (Priority Queue)",
      "Ordered Set"
    ]
  },
  {
    "title": "Basic Calculator II",
    "problemlink": "https://leetcode.com/problems/basic-calculator-ii/",
    "difficulty": "Medium",
    "problemTag": ["Math", "String", "Stack"]
  },
  {
    "title": "Kth Smallest Element in a BST",
    "problemlink": "https://leetcode.com/problems/kth-smallest-element-in-a-bst/",
    "difficulty": "Medium",
    "problemTag": [
      "Tree",
      "Depth-First Search",
      "Binary Search Tree",
      "Binary Tree"
    ]
  },
  {
    "title": "Palindrome Linked List",
    "problemlink": "https://leetcode.com/problems/palindrome-linked-list/",
    "difficulty": "Easy",
    "problemTag": ["Linked List", "Two Pointers", "Stack", "Recursion"]
  },
  {
    "title": "Lowest Common Ancestor of a Binary Tree",
    "problemlink": "https://leetcode.com/problems/lowest-common-ancestor-of-a-binary-tree/",
    "difficulty": "Medium",
    "problemTag": ["Tree", "Depth-First Search", "Binary Tree"]
  },
  {
    "title": "Delete Node in a Linked List",
    "problemlink": "https://leetcode.com/problems/delete-node-in-a-linked-list/",
    "difficulty": "Medium",
    "problemTag": ["Linked List"]
  },
  {
    "title": "Product of Array Except Self",
    "problemlink": "https://leetcode.com/problems/product-of-array-except-self/",
    "difficulty": "Medium",
    "problemTag": ["Array", "Prefix Sum"]
  },
  {
    "title": "Sliding Window Maximum",
    "problemlink": "https://leetcode.com/problems/sliding-window-maximum/",
    "difficulty": "Hard",
    "problemTag": [
      "Array",
      "Queue",
      "Sliding Window",
      "Heap (Priority Queue)",
      "Monotonic Queue"
    ]
  },
  {
    "title": "Search a 2D Matrix II",
    "problemlink": "https://leetcode.com/problems/search-a-2d-matrix-ii/",
    "difficulty": "Medium",
    "problemTag": ["Array", "Binary Search", "Divide and Conquer", "Matrix"]
  },
  {
    "title": "Valid Anagram",
    "problemlink": "https://leetcode.com/problems/valid-anagram/",
    "difficulty": "Easy",
    "problemTag": ["Hash Table", "String", "Sorting"]
  },
  {
    "title": "Missing Number",
    "problemlink": "https://leetcode.com/problems/missing-number/",
    "difficulty": "Easy",
    "problemTag": [
      "Array",
      "Hash Table",
      "Math",
      "Binary Search",
      "Bit Manipulation",
      "Sorting"
    ]
  },
  {
    "title": "Perfect Squares",
    "problemlink": "https://leetcode.com/problems/perfect-squares/",
    "difficulty": "Medium",
    "problemTag": ["Math", "Dynamic Programming", "Breadth-First Search"]
  },
  {
    "title": "Move Zeroes",
    "problemlink": "https://leetcode.com/problems/move-zeroes/",
    "difficulty": "Easy",
    "problemTag": ["Array", "Two Pointers"]
  },
  {
    "title": "Find the Duplicate Number",
    "problemlink": "https://leetcode.com/problems/find-the-duplicate-number/",
    "difficulty": "Medium",
    "problemTag": ["Array", "Two Pointers", "Binary Search", "Bit Manipulation"]
  },
  {
    "title": "Game of Life",
    "problemlink": "https://leetcode.com/problems/game-of-life/",
    "difficulty": "Medium",
    "problemTag": ["Array", "Matrix", "Simulation"]
  },
  {
    "title": "Find Median from Data Stream",
    "problemlink": "https://leetcode.com/problems/find-median-from-data-stream/",
    "difficulty": "Hard",
    "problemTag": [
      "Two Pointers",
      "Design",
      "Sorting",
      "Heap (Priority Queue)",
      "Data Stream"
    ]
  },
  {
    "title": "Serialize and Deserialize Binary Tree",
    "problemlink": "https://leetcode.com/problems/serialize-and-deserialize-binary-tree/",
    "difficulty": "Hard",
    "problemTag": [
      "String",
      "Tree",
      "Depth-First Search",
      "Breadth-First Search",
      "Design",
      "Binary Tree"
    ]
  },
  {
    "title": "Longest Increasing Subsequence",
    "problemlink": "https://leetcode.com/problems/longest-increasing-subsequence/",
    "difficulty": "Medium",
    "problemTag": ["Array", "Binary Search", "Dynamic Programming"]
  },
  {
    "title": "Count of Smaller Numbers After Self",
    "problemlink": "https://leetcode.com/problems/count-of-smaller-numbers-after-self/",
    "difficulty": "Hard",
    "problemTag": [
      "Array",
      "Binary Search",
      "Divide and Conquer",
      "Binary Indexed Tree",
      "Segment Tree",
      "Merge Sort",
      "Ordered Set"
    ]
  },
  {
    "title": "Coin Change",
    "problemlink": "https://leetcode.com/problems/coin-change/",
    "difficulty": "Medium",
    "problemTag": ["Array", "Dynamic Programming", "Breadth-First Search"]
  },
  {
    "title": "Wiggle Sort II",
    "problemlink": "https://leetcode.com/problems/wiggle-sort-ii/",
    "difficulty": "Medium",
    "problemTag": ["Array", "Divide and Conquer", "Sorting", "Quickselect"]
  },
  {
    "title": "Power of Three",
    "problemlink": "https://leetcode.com/problems/power-of-three/",
    "difficulty": "Easy",
    "problemTag": ["Math", "Recursion"]
  },
  {
    "title": "Odd Even Linked List",
    "problemlink": "https://leetcode.com/problems/odd-even-linked-list/",
    "difficulty": "Medium",
    "problemTag": ["Linked List"]
  },
  {
    "title": "Longest Increasing Path in a Matrix",
    "problemlink": "https://leetcode.com/problems/longest-increasing-path-in-a-matrix/",
    "difficulty": "Hard",
    "problemTag": [
      "Array",
      "Dynamic Programming",
      "Depth-First Search",
      "Breadth-First Search",
      "Graph",
      "Topological Sort",
      "Memoization",
      "Matrix"
    ]
  },
  {
    "title": "Increasing Triplet Subsequence",
    "problemlink": "https://leetcode.com/problems/increasing-triplet-subsequence/",
    "difficulty": "Medium",
    "problemTag": ["Array", "Greedy"]
  },
  {
    "title": "Flatten Nested List Iterator",
    "problemlink": "https://leetcode.com/problems/flatten-nested-list-iterator/",
    "difficulty": "Medium",
    "problemTag": [
      "Stack",
      "Tree",
      "Depth-First Search",
      "Design",
      "Queue",
      "Iterator"
    ]
  },
  {
    "title": "Reverse String",
    "problemlink": "https://leetcode.com/problems/reverse-string/",
    "difficulty": "Easy",
    "problemTag": ["Two Pointers", "String"]
  },
  {
    "title": "Top K Frequent Elements",
    "problemlink": "https://leetcode.com/problems/top-k-frequent-elements/",
    "difficulty": "Medium",
    "problemTag": [
      "Array",
      "Hash Table",
      "Divide and Conquer",
      "Sorting",
      "Heap (Priority Queue)",
      "Bucket Sort",
      "Counting",
      "Quickselect"
    ]
  },
  {
    "title": "Intersection of Two Arrays II",
    "problemlink": "https://leetcode.com/problems/intersection-of-two-arrays-ii/",
    "difficulty": "Easy",
    "problemTag": [
      "Array",
      "Hash Table",
      "Two Pointers",
      "Binary Search",
      "Sorting"
    ]
  },
  {
    "title": "Sum of Two Integers",
    "problemlink": "https://leetcode.com/problems/sum-of-two-integers/",
    "difficulty": "Medium",
    "problemTag": ["Math", "Bit Manipulation"]
  },
  {
    "title": "Kth Smallest Element in a Sorted Matrix",
    "problemlink": "https://leetcode.com/problems/kth-smallest-element-in-a-sorted-matrix/",
    "difficulty": "Medium",
    "problemTag": [
      "Array",
      "Binary Search",
      "Sorting",
      "Heap (Priority Queue)",
      "Matrix"
    ]
  },
  {
    "title": "Insert Delete GetRandom O(1)",
    "problemlink": "https://leetcode.com/problems/insert-delete-getrandom-o1/",
    "difficulty": "Medium",
    "problemTag": ["Array", "Hash Table", "Math", "Design", "Randomized"]
  },
  {
    "title": "Shuffle an Array",
    "problemlink": "https://leetcode.com/problems/shuffle-an-array/",
    "difficulty": "Medium",
    "problemTag": ["Array", "Math", "Randomized"]
  },
  {
    "title": "First Unique Character in a String",
    "problemlink": "https://leetcode.com/problems/first-unique-character-in-a-string/",
    "difficulty": "Easy",
    "problemTag": ["Hash Table", "String", "Queue", "Counting"]
  },
  {
    "title": "Longest Substring with At Least K Repeating Characters",
    "problemlink": "https://leetcode.com/problems/longest-substring-with-at-least-k-repeating-characters/",
    "difficulty": "Medium",
    "problemTag": [
      "Hash Table",
      "String",
      "Divide and Conquer",
      "Sliding Window"
    ]
  },
  {
    "title": "Fizz Buzz",
    "problemlink": "https://leetcode.com/problems/fizz-buzz/",
    "difficulty": "Easy",
    "problemTag": ["Math", "String", "Simulation"]
  },
  {
    "title": "4Sum II",
    "problemlink": "https://leetcode.com/problems/4sum-ii/",
    "difficulty": "Medium",
    "problemTag": ["Array", "Hash Table"]
  }
]
